datetime,id,is_erupted,tremor_data
2025-01-03 00:00:00,4,0,D:\Projects\eruption-forecast\examples\output\VG.OJN.00.EHN\training\label_2025-01-01_2025-07-31_ws-2_step-12-hours_dtf-2\tremor_data\00004_2025-01-01--00-00-00_2025-01-02_23--23-59-59_eruption-0.csv
2025-01-03 12:00:00,5,0,D:\Projects\eruption-forecast\examples\output\VG.OJN.00.EHN\training\label_2025-01-01_2025-07-31_ws-2_step-12-hours_dtf-2\tremor_data\00005_2025-01-01--12-00-00_2025-01-03_11--11-59-59_eruption-0.csv
2025-01-04 00:00:00,6,0,D:\Projects\eruption-forecast\examples\output\VG.OJN.00.EHN\training\label_2025-01-01_2025-07-31_ws-2_step-12-hours_dtf-2\tremor_data\00006_2025-01-02--00-00-00_2025-01-03_23--23-59-59_eruption-0.csv
2025-01-04 12:00:00,7,0,D:\Projects\eruption-forecast\examples\output\VG.OJN.00.EHN\training\label_2025-01-01_2025-07-31_ws-2_step-12-hours_dtf-2\tremor_data\00007_2025-01-02--12-00-00_2025-01-04_11--11-59-59_eruption-0.csv
2025-01-05 00:00:00,8,0,D:\Projects\eruption-forecast\examples\output\VG.OJN.00.EHN\training\label_2025-01-01_2025-07-31_ws-2_step-12-hours_dtf-2\tremor_data\00008_2025-01-03--00-00-00_2025-01-04_23--23-59-59_eruption-0.csv
2025-01-05 12:00:00,9,0,D:\Projects\eruption-forecast\examples\output\VG.OJN.00.EHN\training\label_2025-01-01_2025-07-31_ws-2_step-12-hours_dtf-2\tremor_data\00009_2025-01-03--12-00-00_2025-01-05_11--11-59-59_eruption-0.csv
2025-01-06 00:00:00,10,0,D:\Projects\eruption-forecast\examples\output\VG.OJN.00.EHN\training\label_2025-01-01_2025-07-31_ws-2_step-12-hours_dtf-2\tremor_data\00010_2025-01-04--00-00-00_2025-01-05_23--23-59-59_eruption-0.csv
2025-01-06 12:00:00,11,0,D:\Projects\eruption-forecast\examples\output\VG.OJN.00.EHN\training\label_2025-01-01_2025-07-31_ws-2_step-12-hours_dtf-2\tremor_data\00011_2025-01-04--12-00-00_2025-01-06_11--11-59-59_eruption-0.csv
2025-01-07 00:00:00,12,0,D:\Projects\eruption-forecast\examples\output\VG.OJN.00.EHN\training\label_2025-01-01_2025-07-31_ws-2_step-12-hours_dtf-2\tremor_data\00012_2025-01-05--00-00-00_2025-01-06_23--23-59-59_eruption-0.csv
2025-01-07 12:00:00,13,0,D:\Projects\eruption-forecast\examples\output\VG.OJN.00.EHN\training\label_2025-01-01_2025-07-31_ws-2_step-12-hours_dtf-2\tremor_data\00013_2025-01-05--12-00-00_2025-01-07_11--11-59-59_eruption-0.csv
2025-01-08 00:00:00,14,0,D:\Projects\eruption-forecast\examples\output\VG.OJN.00.EHN\training\label_2025-01-01_2025-07-31_ws-2_step-12-hours_dtf-2\tremor_data\00014_2025-01-06--00-00-00_2025-01-07_23--23-59-59_eruption-0.csv
2025-01-08 12:00:00,15,0,D:\Projects\eruption-forecast\examples\output\VG.OJN.00.EHN\training\label_2025-01-01_2025-07-31_ws-2_step-12-hours_dtf-2\tremor_data\00015_2025-01-06--12-00-00_2025-01-08_11--11-59-59_eruption-0.csv
2025-01-09 00:00:00,16,0,D:\Projects\eruption-forecast\examples\output\VG.OJN.00.EHN\training\label_2025-01-01_2025-07-31_ws-2_step-12-hours_dtf-2\tremor_data\00016_2025-01-07--00-00-00_2025-01-08_23--23-59-59_eruption-0.csv
2025-01-09 12:00:00,17,0,D:\Projects\eruption-forecast\examples\output\VG.OJN.00.EHN\training\label_2025-01-01_2025-07-31_ws-2_step-12-hours_dtf-2\tremor_data\00017_2025-01-07--12-00-00_2025-01-09_11--11-59-59_eruption-0.csv
2025-01-10 00:00:00,18,0,D:\Projects\eruption-forecast\examples\output\VG.OJN.00.EHN\training\label_2025-01-01_2025-07-31_ws-2_step-12-hours_dtf-2\tremor_data\00018_2025-01-08--00-00-00_2025-01-09_23--23-59-59_eruption-0.csv
2025-01-10 12:00:00,19,0,D:\Projects\eruption-forecast\examples\output\VG.OJN.00.EHN\training\label_2025-01-01_2025-07-31_ws-2_step-12-hours_dtf-2\tremor_data\00019_2025-01-08--12-00-00_2025-01-10_11--11-59-59_eruption-0.csv
2025-01-11 00:00:00,20,0,D:\Projects\eruption-forecast\examples\output\VG.OJN.00.EHN\training\label_2025-01-01_2025-07-31_ws-2_step-12-hours_dtf-2\tremor_data\00020_2025-01-09--00-00-00_2025-01-10_23--23-59-59_eruption-0.csv
2025-01-11 12:00:00,21,0,D:\Projects\eruption-forecast\examples\output\VG.OJN.00.EHN\training\label_2025-01-01_2025-07-31_ws-2_step-12-hours_dtf-2\tremor_data\00021_2025-01-09--12-00-00_2025-01-11_11--11-59-59_eruption-0.csv
2025-01-12 00:00:00,22,0,D:\Projects\eruption-forecast\examples\output\VG.OJN.00.EHN\training\label_2025-01-01_2025-07-31_ws-2_step-12-hours_dtf-2\tremor_data\00022_2025-01-10--00-00-00_2025-01-11_23--23-59-59_eruption-0.csv
2025-01-12 12:00:00,23,0,D:\Projects\eruption-forecast\examples\output\VG.OJN.00.EHN\training\label_2025-01-01_2025-07-31_ws-2_step-12-hours_dtf-2\tremor_data\00023_2025-01-10--12-00-00_2025-01-12_11--11-59-59_eruption-0.csv
2025-01-13 00:00:00,24,0,D:\Projects\eruption-forecast\examples\output\VG.OJN.00.EHN\training\label_2025-01-01_2025-07-31_ws-2_step-12-hours_dtf-2\tremor_data\00024_2025-01-11--00-00-00_2025-01-12_23--23-59-59_eruption-0.csv
2025-01-13 12:00:00,25,0,D:\Projects\eruption-forecast\examples\output\VG.OJN.00.EHN\training\label_2025-01-01_2025-07-31_ws-2_step-12-hours_dtf-2\tremor_data\00025_2025-01-11--12-00-00_2025-01-13_11--11-59-59_eruption-0.csv
2025-01-14 00:00:00,26,0,D:\Projects\eruption-forecast\examples\output\VG.OJN.00.EHN\training\label_2025-01-01_2025-07-31_ws-2_step-12-hours_dtf-2\tremor_data\00026_2025-01-12--00-00-00_2025-01-13_23--23-59-59_eruption-0.csv
2025-01-14 12:00:00,27,0,D:\Projects\eruption-forecast\examples\output\VG.OJN.00.EHN\training\label_2025-01-01_2025-07-31_ws-2_step-12-hours_dtf-2\tremor_data\00027_2025-01-12--12-00-00_2025-01-14_11--11-59-59_eruption-0.csv
2025-01-15 00:00:00,28,0,D:\Projects\eruption-forecast\examples\output\VG.OJN.00.EHN\training\label_2025-01-01_2025-07-31_ws-2_step-12-hours_dtf-2\tremor_data\00028_2025-01-13--00-00-00_2025-01-14_23--23-59-59_eruption-0.csv
2025-01-15 12:00:00,29,0,D:\Projects\eruption-forecast\examples\output\VG.OJN.00.EHN\training\label_2025-01-01_2025-07-31_ws-2_step-12-hours_dtf-2\tremor_data\00029_2025-01-13--12-00-00_2025-01-15_11--11-59-59_eruption-0.csv
2025-01-16 00:00:00,30,0,D:\Projects\eruption-forecast\examples\output\VG.OJN.00.EHN\training\label_2025-01-01_2025-07-31_ws-2_step-12-hours_dtf-2\tremor_data\00030_2025-01-14--00-00-00_2025-01-15_23--23-59-59_eruption-0.csv
2025-01-16 12:00:00,31,0,D:\Projects\eruption-forecast\examples\output\VG.OJN.00.EHN\training\label_2025-01-01_2025-07-31_ws-2_step-12-hours_dtf-2\tremor_data\00031_2025-01-14--12-00-00_2025-01-16_11--11-59-59_eruption-0.csv
2025-01-17 00:00:00,32,0,D:\Projects\eruption-forecast\examples\output\VG.OJN.00.EHN\training\label_2025-01-01_2025-07-31_ws-2_step-12-hours_dtf-2\tremor_data\00032_2025-01-15--00-00-00_2025-01-16_23--23-59-59_eruption-0.csv
2025-01-17 12:00:00,33,0,D:\Projects\eruption-forecast\examples\output\VG.OJN.00.EHN\training\label_2025-01-01_2025-07-31_ws-2_step-12-hours_dtf-2\tremor_data\00033_2025-01-15--12-00-00_2025-01-17_11--11-59-59_eruption-0.csv
2025-01-18 00:00:00,34,0,D:\Projects\eruption-forecast\examples\output\VG.OJN.00.EHN\training\label_2025-01-01_2025-07-31_ws-2_step-12-hours_dtf-2\tremor_data\00034_2025-01-16--00-00-00_2025-01-17_23--23-59-59_eruption-0.csv
2025-01-18 12:00:00,35,0,D:\Projects\eruption-forecast\examples\output\VG.OJN.00.EHN\training\label_2025-01-01_2025-07-31_ws-2_step-12-hours_dtf-2\tremor_data\00035_2025-01-16--12-00-00_2025-01-18_11--11-59-59_eruption-0.csv
2025-01-19 00:00:00,36,0,D:\Projects\eruption-forecast\examples\output\VG.OJN.00.EHN\training\label_2025-01-01_2025-07-31_ws-2_step-12-hours_dtf-2\tremor_data\00036_2025-01-17--00-00-00_2025-01-18_23--23-59-59_eruption-0.csv
2025-01-19 12:00:00,37,0,D:\Projects\eruption-forecast\examples\output\VG.OJN.00.EHN\training\label_2025-01-01_2025-07-31_ws-2_step-12-hours_dtf-2\tremor_data\00037_2025-01-17--12-00-00_2025-01-19_11--11-59-59_eruption-0.csv
2025-01-20 00:00:00,38,0,D:\Projects\eruption-forecast\examples\output\VG.OJN.00.EHN\training\label_2025-01-01_2025-07-31_ws-2_step-12-hours_dtf-2\tremor_data\00038_2025-01-18--00-00-00_2025-01-19_23--23-59-59_eruption-0.csv
2025-01-20 12:00:00,39,0,D:\Projects\eruption-forecast\examples\output\VG.OJN.00.EHN\training\label_2025-01-01_2025-07-31_ws-2_step-12-hours_dtf-2\tremor_data\00039_2025-01-18--12-00-00_2025-01-20_11--11-59-59_eruption-0.csv
2025-01-21 00:00:00,40,0,D:\Projects\eruption-forecast\examples\output\VG.OJN.00.EHN\training\label_2025-01-01_2025-07-31_ws-2_step-12-hours_dtf-2\tremor_data\00040_2025-01-19--00-00-00_2025-01-20_23--23-59-59_eruption-0.csv
2025-01-21 12:00:00,41,0,D:\Projects\eruption-forecast\examples\output\VG.OJN.00.EHN\training\label_2025-01-01_2025-07-31_ws-2_step-12-hours_dtf-2\tremor_data\00041_2025-01-19--12-00-00_2025-01-21_11--11-59-59_eruption-0.csv
2025-01-22 00:00:00,42,0,D:\Projects\eruption-forecast\examples\output\VG.OJN.00.EHN\training\label_2025-01-01_2025-07-31_ws-2_step-12-hours_dtf-2\tremor_data\00042_2025-01-20--00-00-00_2025-01-21_23--23-59-59_eruption-0.csv
2025-01-22 12:00:00,43,0,D:\Projects\eruption-forecast\examples\output\VG.OJN.00.EHN\training\label_2025-01-01_2025-07-31_ws-2_step-12-hours_dtf-2\tremor_data\00043_2025-01-20--12-00-00_2025-01-22_11--11-59-59_eruption-0.csv
2025-01-23 00:00:00,44,0,D:\Projects\eruption-forecast\examples\output\VG.OJN.00.EHN\training\label_2025-01-01_2025-07-31_ws-2_step-12-hours_dtf-2\tremor_data\00044_2025-01-21--00-00-00_2025-01-22_23--23-59-59_eruption-0.csv
2025-01-23 12:00:00,45,0,D:\Projects\eruption-forecast\examples\output\VG.OJN.00.EHN\training\label_2025-01-01_2025-07-31_ws-2_step-12-hours_dtf-2\tremor_data\00045_2025-01-21--12-00-00_2025-01-23_11--11-59-59_eruption-0.csv
2025-01-24 00:00:00,46,0,D:\Projects\eruption-forecast\examples\output\VG.OJN.00.EHN\training\label_2025-01-01_2025-07-31_ws-2_step-12-hours_dtf-2\tremor_data\00046_2025-01-22--00-00-00_2025-01-23_23--23-59-59_eruption-0.csv
2025-01-24 12:00:00,47,0,D:\Projects\eruption-forecast\examples\output\VG.OJN.00.EHN\training\label_2025-01-01_2025-07-31_ws-2_step-12-hours_dtf-2\tremor_data\00047_2025-01-22--12-00-00_2025-01-24_11--11-59-59_eruption-0.csv
2025-01-25 00:00:00,48,0,D:\Projects\eruption-forecast\examples\output\VG.OJN.00.EHN\training\label_2025-01-01_2025-07-31_ws-2_step-12-hours_dtf-2\tremor_data\00048_2025-01-23--00-00-00_2025-01-24_23--23-59-59_eruption-0.csv
2025-01-25 12:00:00,49,0,D:\Projects\eruption-forecast\examples\output\VG.OJN.00.EHN\training\label_2025-01-01_2025-07-31_ws-2_step-12-hours_dtf-2\tremor_data\00049_2025-01-23--12-00-00_2025-01-25_11--11-59-59_eruption-0.csv
2025-01-26 00:00:00,50,0,D:\Projects\eruption-forecast\examples\output\VG.OJN.00.EHN\training\label_2025-01-01_2025-07-31_ws-2_step-12-hours_dtf-2\tremor_data\00050_2025-01-24--00-00-00_2025-01-25_23--23-59-59_eruption-0.csv
2025-01-26 12:00:00,51,0,D:\Projects\eruption-forecast\examples\output\VG.OJN.00.EHN\training\label_2025-01-01_2025-07-31_ws-2_step-12-hours_dtf-2\tremor_data\00051_2025-01-24--12-00-00_2025-01-26_11--11-59-59_eruption-0.csv
2025-01-27 00:00:00,52,0,D:\Projects\eruption-forecast\examples\output\VG.OJN.00.EHN\training\label_2025-01-01_2025-07-31_ws-2_step-12-hours_dtf-2\tremor_data\00052_2025-01-25--00-00-00_2025-01-26_23--23-59-59_eruption-0.csv
2025-01-27 12:00:00,53,0,D:\Projects\eruption-forecast\examples\output\VG.OJN.00.EHN\training\label_2025-01-01_2025-07-31_ws-2_step-12-hours_dtf-2\tremor_data\00053_2025-01-25--12-00-00_2025-01-27_11--11-59-59_eruption-0.csv
2025-01-28 00:00:00,54,0,D:\Projects\eruption-forecast\examples\output\VG.OJN.00.EHN\training\label_2025-01-01_2025-07-31_ws-2_step-12-hours_dtf-2\tremor_data\00054_2025-01-26--00-00-00_2025-01-27_23--23-59-59_eruption-0.csv
2025-01-28 12:00:00,55,0,D:\Projects\eruption-forecast\examples\output\VG.OJN.00.EHN\training\label_2025-01-01_2025-07-31_ws-2_step-12-hours_dtf-2\tremor_data\00055_2025-01-26--12-00-00_2025-01-28_11--11-59-59_eruption-0.csv
2025-01-29 00:00:00,56,0,D:\Projects\eruption-forecast\examples\output\VG.OJN.00.EHN\training\label_2025-01-01_2025-07-31_ws-2_step-12-hours_dtf-2\tremor_data\00056_2025-01-27--00-00-00_2025-01-28_23--23-59-59_eruption-0.csv
2025-01-29 12:00:00,57,0,D:\Projects\eruption-forecast\examples\output\VG.OJN.00.EHN\training\label_2025-01-01_2025-07-31_ws-2_step-12-hours_dtf-2\tremor_data\00057_2025-01-27--12-00-00_2025-01-29_11--11-59-59_eruption-0.csv
2025-01-30 00:00:00,58,0,D:\Projects\eruption-forecast\examples\output\VG.OJN.00.EHN\training\label_2025-01-01_2025-07-31_ws-2_step-12-hours_dtf-2\tremor_data\00058_2025-01-28--00-00-00_2025-01-29_23--23-59-59_eruption-0.csv
2025-01-30 12:00:00,59,0,D:\Projects\eruption-forecast\examples\output\VG.OJN.00.EHN\training\label_2025-01-01_2025-07-31_ws-2_step-12-hours_dtf-2\tremor_data\00059_2025-01-28--12-00-00_2025-01-30_11--11-59-59_eruption-0.csv
2025-01-31 00:00:00,60,0,D:\Projects\eruption-forecast\examples\output\VG.OJN.00.EHN\training\label_2025-01-01_2025-07-31_ws-2_step-12-hours_dtf-2\tremor_data\00060_2025-01-29--00-00-00_2025-01-30_23--23-59-59_eruption-0.csv
2025-01-31 12:00:00,61,0,D:\Projects\eruption-forecast\examples\output\VG.OJN.00.EHN\training\label_2025-01-01_2025-07-31_ws-2_step-12-hours_dtf-2\tremor_data\00061_2025-01-29--12-00-00_2025-01-31_11--11-59-59_eruption-0.csv
2025-02-01 00:00:00,62,0,D:\Projects\eruption-forecast\examples\output\VG.OJN.00.EHN\training\label_2025-01-01_2025-07-31_ws-2_step-12-hours_dtf-2\tremor_data\00062_2025-01-30--00-00-00_2025-01-31_23--23-59-59_eruption-0.csv
2025-02-01 12:00:00,63,0,D:\Projects\eruption-forecast\examples\output\VG.OJN.00.EHN\training\label_2025-01-01_2025-07-31_ws-2_step-12-hours_dtf-2\tremor_data\00063_2025-01-30--12-00-00_2025-02-01_11--11-59-59_eruption-0.csv
2025-02-02 00:00:00,64,0,D:\Projects\eruption-forecast\examples\output\VG.OJN.00.EHN\training\label_2025-01-01_2025-07-31_ws-2_step-12-hours_dtf-2\tremor_data\00064_2025-01-31--00-00-00_2025-02-01_23--23-59-59_eruption-0.csv
2025-02-02 12:00:00,65,0,D:\Projects\eruption-forecast\examples\output\VG.OJN.00.EHN\training\label_2025-01-01_2025-07-31_ws-2_step-12-hours_dtf-2\tremor_data\00065_2025-01-31--12-00-00_2025-02-02_11--11-59-59_eruption-0.csv
2025-02-03 00:00:00,66,0,D:\Projects\eruption-forecast\examples\output\VG.OJN.00.EHN\training\label_2025-01-01_2025-07-31_ws-2_step-12-hours_dtf-2\tremor_data\00066_2025-02-01--00-00-00_2025-02-02_23--23-59-59_eruption-0.csv
2025-02-03 12:00:00,67,0,D:\Projects\eruption-forecast\examples\output\VG.OJN.00.EHN\training\label_2025-01-01_2025-07-31_ws-2_step-12-hours_dtf-2\tremor_data\00067_2025-02-01--12-00-00_2025-02-03_11--11-59-59_eruption-0.csv
2025-02-04 00:00:00,68,0,D:\Projects\eruption-forecast\examples\output\VG.OJN.00.EHN\training\label_2025-01-01_2025-07-31_ws-2_step-12-hours_dtf-2\tremor_data\00068_2025-02-02--00-00-00_2025-02-03_23--23-59-59_eruption-0.csv
2025-02-04 12:00:00,69,0,D:\Projects\eruption-forecast\examples\output\VG.OJN.00.EHN\training\label_2025-01-01_2025-07-31_ws-2_step-12-hours_dtf-2\tremor_data\00069_2025-02-02--12-00-00_2025-02-04_11--11-59-59_eruption-0.csv
2025-02-05 00:00:00,70,0,D:\Projects\eruption-forecast\examples\output\VG.OJN.00.EHN\training\label_2025-01-01_2025-07-31_ws-2_step-12-hours_dtf-2\tremor_data\00070_2025-02-03--00-00-00_2025-02-04_23--23-59-59_eruption-0.csv
2025-02-05 12:00:00,71,0,D:\Projects\eruption-forecast\examples\output\VG.OJN.00.EHN\training\label_2025-01-01_2025-07-31_ws-2_step-12-hours_dtf-2\tremor_data\00071_2025-02-03--12-00-00_2025-02-05_11--11-59-59_eruption-0.csv
2025-02-06 00:00:00,72,0,D:\Projects\eruption-forecast\examples\output\VG.OJN.00.EHN\training\label_2025-01-01_2025-07-31_ws-2_step-12-hours_dtf-2\tremor_data\00072_2025-02-04--00-00-00_2025-02-05_23--23-59-59_eruption-0.csv
2025-02-06 12:00:00,73,0,D:\Projects\eruption-forecast\examples\output\VG.OJN.00.EHN\training\label_2025-01-01_2025-07-31_ws-2_step-12-hours_dtf-2\tremor_data\00073_2025-02-04--12-00-00_2025-02-06_11--11-59-59_eruption-0.csv
2025-02-07 00:00:00,74,0,D:\Projects\eruption-forecast\examples\output\VG.OJN.00.EHN\training\label_2025-01-01_2025-07-31_ws-2_step-12-hours_dtf-2\tremor_data\00074_2025-02-05--00-00-00_2025-02-06_23--23-59-59_eruption-0.csv
2025-02-07 12:00:00,75,0,D:\Projects\eruption-forecast\examples\output\VG.OJN.00.EHN\training\label_2025-01-01_2025-07-31_ws-2_step-12-hours_dtf-2\tremor_data\00075_2025-02-05--12-00-00_2025-02-07_11--11-59-59_eruption-0.csv
2025-02-08 00:00:00,76,0,D:\Projects\eruption-forecast\examples\output\VG.OJN.00.EHN\training\label_2025-01-01_2025-07-31_ws-2_step-12-hours_dtf-2\tremor_data\00076_2025-02-06--00-00-00_2025-02-07_23--23-59-59_eruption-0.csv
2025-02-08 12:00:00,77,0,D:\Projects\eruption-forecast\examples\output\VG.OJN.00.EHN\training\label_2025-01-01_2025-07-31_ws-2_step-12-hours_dtf-2\tremor_data\00077_2025-02-06--12-00-00_2025-02-08_11--11-59-59_eruption-0.csv
2025-02-09 00:00:00,78,0,D:\Projects\eruption-forecast\examples\output\VG.OJN.00.EHN\training\label_2025-01-01_2025-07-31_ws-2_step-12-hours_dtf-2\tremor_data\00078_2025-02-07--00-00-00_2025-02-08_23--23-59-59_eruption-0.csv
2025-02-09 12:00:00,79,0,D:\Projects\eruption-forecast\examples\output\VG.OJN.00.EHN\training\label_2025-01-01_2025-07-31_ws-2_step-12-hours_dtf-2\tremor_data\00079_2025-02-07--12-00-00_2025-02-09_11--11-59-59_eruption-0.csv
2025-02-10 00:00:00,80,0,D:\Projects\eruption-forecast\examples\output\VG.OJN.00.EHN\training\label_2025-01-01_2025-07-31_ws-2_step-12-hours_dtf-2\tremor_data\00080_2025-02-08--00-00-00_2025-02-09_23--23-59-59_eruption-0.csv
2025-02-10 12:00:00,81,0,D:\Projects\eruption-forecast\examples\output\VG.OJN.00.EHN\training\label_2025-01-01_2025-07-31_ws-2_step-12-hours_dtf-2\tremor_data\00081_2025-02-08--12-00-00_2025-02-10_11--11-59-59_eruption-0.csv
2025-02-11 00:00:00,82,0,D:\Projects\eruption-forecast\examples\output\VG.OJN.00.EHN\training\label_2025-01-01_2025-07-31_ws-2_step-12-hours_dtf-2\tremor_data\00082_2025-02-09--00-00-00_2025-02-10_23--23-59-59_eruption-0.csv
2025-02-11 12:00:00,83,0,D:\Projects\eruption-forecast\examples\output\VG.OJN.00.EHN\training\label_2025-01-01_2025-07-31_ws-2_step-12-hours_dtf-2\tremor_data\00083_2025-02-09--12-00-00_2025-02-11_11--11-59-59_eruption-0.csv
2025-02-12 00:00:00,84,0,D:\Projects\eruption-forecast\examples\output\VG.OJN.00.EHN\training\label_2025-01-01_2025-07-31_ws-2_step-12-hours_dtf-2\tremor_data\00084_2025-02-10--00-00-00_2025-02-11_23--23-59-59_eruption-0.csv
2025-02-12 12:00:00,85,0,D:\Projects\eruption-forecast\examples\output\VG.OJN.00.EHN\training\label_2025-01-01_2025-07-31_ws-2_step-12-hours_dtf-2\tremor_data\00085_2025-02-10--12-00-00_2025-02-12_11--11-59-59_eruption-0.csv
2025-02-13 00:00:00,86,0,D:\Projects\eruption-forecast\examples\output\VG.OJN.00.EHN\training\label_2025-01-01_2025-07-31_ws-2_step-12-hours_dtf-2\tremor_data\00086_2025-02-11--00-00-00_2025-02-12_23--23-59-59_eruption-0.csv
2025-02-13 12:00:00,87,0,D:\Projects\eruption-forecast\examples\output\VG.OJN.00.EHN\training\label_2025-01-01_2025-07-31_ws-2_step-12-hours_dtf-2\tremor_data\00087_2025-02-11--12-00-00_2025-02-13_11--11-59-59_eruption-0.csv
2025-02-14 00:00:00,88,0,D:\Projects\eruption-forecast\examples\output\VG.OJN.00.EHN\training\label_2025-01-01_2025-07-31_ws-2_step-12-hours_dtf-2\tremor_data\00088_2025-02-12--00-00-00_2025-02-13_23--23-59-59_eruption-0.csv
2025-02-14 12:00:00,89,0,D:\Projects\eruption-forecast\examples\output\VG.OJN.00.EHN\training\label_2025-01-01_2025-07-31_ws-2_step-12-hours_dtf-2\tremor_data\00089_2025-02-12--12-00-00_2025-02-14_11--11-59-59_eruption-0.csv
2025-02-15 00:00:00,90,0,D:\Projects\eruption-forecast\examples\output\VG.OJN.00.EHN\training\label_2025-01-01_2025-07-31_ws-2_step-12-hours_dtf-2\tremor_data\00090_2025-02-13--00-00-00_2025-02-14_23--23-59-59_eruption-0.csv
2025-02-15 12:00:00,91,0,D:\Projects\eruption-forecast\examples\output\VG.OJN.00.EHN\training\label_2025-01-01_2025-07-31_ws-2_step-12-hours_dtf-2\tremor_data\00091_2025-02-13--12-00-00_2025-02-15_11--11-59-59_eruption-0.csv
2025-02-16 00:00:00,92,0,D:\Projects\eruption-forecast\examples\output\VG.OJN.00.EHN\training\label_2025-01-01_2025-07-31_ws-2_step-12-hours_dtf-2\tremor_data\00092_2025-02-14--00-00-00_2025-02-15_23--23-59-59_eruption-0.csv
2025-02-16 12:00:00,93,0,D:\Projects\eruption-forecast\examples\output\VG.OJN.00.EHN\training\label_2025-01-01_2025-07-31_ws-2_step-12-hours_dtf-2\tremor_data\00093_2025-02-14--12-00-00_2025-02-16_11--11-59-59_eruption-0.csv
2025-02-17 00:00:00,94,0,D:\Projects\eruption-forecast\examples\output\VG.OJN.00.EHN\training\label_2025-01-01_2025-07-31_ws-2_step-12-hours_dtf-2\tremor_data\00094_2025-02-15--00-00-00_2025-02-16_23--23-59-59_eruption-0.csv
2025-02-17 12:00:00,95,0,D:\Projects\eruption-forecast\examples\output\VG.OJN.00.EHN\training\label_2025-01-01_2025-07-31_ws-2_step-12-hours_dtf-2\tremor_data\00095_2025-02-15--12-00-00_2025-02-17_11--11-59-59_eruption-0.csv
2025-02-18 00:00:00,96,0,D:\Projects\eruption-forecast\examples\output\VG.OJN.00.EHN\training\label_2025-01-01_2025-07-31_ws-2_step-12-hours_dtf-2\tremor_data\00096_2025-02-16--00-00-00_2025-02-17_23--23-59-59_eruption-0.csv
2025-02-18 12:00:00,97,0,D:\Projects\eruption-forecast\examples\output\VG.OJN.00.EHN\training\label_2025-01-01_2025-07-31_ws-2_step-12-hours_dtf-2\tremor_data\00097_2025-02-16--12-00-00_2025-02-18_11--11-59-59_eruption-0.csv
2025-02-19 00:00:00,98,0,D:\Projects\eruption-forecast\examples\output\VG.OJN.00.EHN\training\label_2025-01-01_2025-07-31_ws-2_step-12-hours_dtf-2\tremor_data\00098_2025-02-17--00-00-00_2025-02-18_23--23-59-59_eruption-0.csv
2025-02-19 12:00:00,99,0,D:\Projects\eruption-forecast\examples\output\VG.OJN.00.EHN\training\label_2025-01-01_2025-07-31_ws-2_step-12-hours_dtf-2\tremor_data\00099_2025-02-17--12-00-00_2025-02-19_11--11-59-59_eruption-0.csv
2025-02-20 00:00:00,100,0,D:\Projects\eruption-forecast\examples\output\VG.OJN.00.EHN\training\label_2025-01-01_2025-07-31_ws-2_step-12-hours_dtf-2\tremor_data\00100_2025-02-18--00-00-00_2025-02-19_23--23-59-59_eruption-0.csv
2025-02-20 12:00:00,101,0,D:\Projects\eruption-forecast\examples\output\VG.OJN.00.EHN\training\label_2025-01-01_2025-07-31_ws-2_step-12-hours_dtf-2\tremor_data\00101_2025-02-18--12-00-00_2025-02-20_11--11-59-59_eruption-0.csv
2025-02-21 00:00:00,102,0,D:\Projects\eruption-forecast\examples\output\VG.OJN.00.EHN\training\label_2025-01-01_2025-07-31_ws-2_step-12-hours_dtf-2\tremor_data\00102_2025-02-19--00-00-00_2025-02-20_23--23-59-59_eruption-0.csv
2025-02-21 12:00:00,103,0,D:\Projects\eruption-forecast\examples\output\VG.OJN.00.EHN\training\label_2025-01-01_2025-07-31_ws-2_step-12-hours_dtf-2\tremor_data\00103_2025-02-19--12-00-00_2025-02-21_11--11-59-59_eruption-0.csv
2025-02-22 00:00:00,104,0,D:\Projects\eruption-forecast\examples\output\VG.OJN.00.EHN\training\label_2025-01-01_2025-07-31_ws-2_step-12-hours_dtf-2\tremor_data\00104_2025-02-20--00-00-00_2025-02-21_23--23-59-59_eruption-0.csv
2025-02-22 12:00:00,105,0,D:\Projects\eruption-forecast\examples\output\VG.OJN.00.EHN\training\label_2025-01-01_2025-07-31_ws-2_step-12-hours_dtf-2\tremor_data\00105_2025-02-20--12-00-00_2025-02-22_11--11-59-59_eruption-0.csv
2025-02-23 00:00:00,106,0,D:\Projects\eruption-forecast\examples\output\VG.OJN.00.EHN\training\label_2025-01-01_2025-07-31_ws-2_step-12-hours_dtf-2\tremor_data\00106_2025-02-21--00-00-00_2025-02-22_23--23-59-59_eruption-0.csv
2025-02-23 12:00:00,107,0,D:\Projects\eruption-forecast\examples\output\VG.OJN.00.EHN\training\label_2025-01-01_2025-07-31_ws-2_step-12-hours_dtf-2\tremor_data\00107_2025-02-21--12-00-00_2025-02-23_11--11-59-59_eruption-0.csv
2025-02-24 00:00:00,108,0,D:\Projects\eruption-forecast\examples\output\VG.OJN.00.EHN\training\label_2025-01-01_2025-07-31_ws-2_step-12-hours_dtf-2\tremor_data\00108_2025-02-22--00-00-00_2025-02-23_23--23-59-59_eruption-0.csv
2025-02-24 12:00:00,109,0,D:\Projects\eruption-forecast\examples\output\VG.OJN.00.EHN\training\label_2025-01-01_2025-07-31_ws-2_step-12-hours_dtf-2\tremor_data\00109_2025-02-22--12-00-00_2025-02-24_11--11-59-59_eruption-0.csv
2025-02-25 00:00:00,110,0,D:\Projects\eruption-forecast\examples\output\VG.OJN.00.EHN\training\label_2025-01-01_2025-07-31_ws-2_step-12-hours_dtf-2\tremor_data\00110_2025-02-23--00-00-00_2025-02-24_23--23-59-59_eruption-0.csv
2025-02-25 12:00:00,111,0,D:\Projects\eruption-forecast\examples\output\VG.OJN.00.EHN\training\label_2025-01-01_2025-07-31_ws-2_step-12-hours_dtf-2\tremor_data\00111_2025-02-23--12-00-00_2025-02-25_11--11-59-59_eruption-0.csv
2025-02-26 00:00:00,112,0,D:\Projects\eruption-forecast\examples\output\VG.OJN.00.EHN\training\label_2025-01-01_2025-07-31_ws-2_step-12-hours_dtf-2\tremor_data\00112_2025-02-24--00-00-00_2025-02-25_23--23-59-59_eruption-0.csv
2025-02-26 12:00:00,113,0,D:\Projects\eruption-forecast\examples\output\VG.OJN.00.EHN\training\label_2025-01-01_2025-07-31_ws-2_step-12-hours_dtf-2\tremor_data\00113_2025-02-24--12-00-00_2025-02-26_11--11-59-59_eruption-0.csv
2025-02-27 00:00:00,114,0,D:\Projects\eruption-forecast\examples\output\VG.OJN.00.EHN\training\label_2025-01-01_2025-07-31_ws-2_step-12-hours_dtf-2\tremor_data\00114_2025-02-25--00-00-00_2025-02-26_23--23-59-59_eruption-0.csv
2025-02-27 12:00:00,115,0,D:\Projects\eruption-forecast\examples\output\VG.OJN.00.EHN\training\label_2025-01-01_2025-07-31_ws-2_step-12-hours_dtf-2\tremor_data\00115_2025-02-25--12-00-00_2025-02-27_11--11-59-59_eruption-0.csv
2025-02-28 00:00:00,116,0,D:\Projects\eruption-forecast\examples\output\VG.OJN.00.EHN\training\label_2025-01-01_2025-07-31_ws-2_step-12-hours_dtf-2\tremor_data\00116_2025-02-26--00-00-00_2025-02-27_23--23-59-59_eruption-0.csv
2025-02-28 12:00:00,117,0,D:\Projects\eruption-forecast\examples\output\VG.OJN.00.EHN\training\label_2025-01-01_2025-07-31_ws-2_step-12-hours_dtf-2\tremor_data\00117_2025-02-26--12-00-00_2025-02-28_11--11-59-59_eruption-0.csv
2025-03-01 00:00:00,118,0,D:\Projects\eruption-forecast\examples\output\VG.OJN.00.EHN\training\label_2025-01-01_2025-07-31_ws-2_step-12-hours_dtf-2\tremor_data\00118_2025-02-27--00-00-00_2025-02-28_23--23-59-59_eruption-0.csv
2025-03-01 12:00:00,119,0,D:\Projects\eruption-forecast\examples\output\VG.OJN.00.EHN\training\label_2025-01-01_2025-07-31_ws-2_step-12-hours_dtf-2\tremor_data\00119_2025-02-27--12-00-00_2025-03-01_11--11-59-59_eruption-0.csv
2025-03-02 00:00:00,120,0,D:\Projects\eruption-forecast\examples\output\VG.OJN.00.EHN\training\label_2025-01-01_2025-07-31_ws-2_step-12-hours_dtf-2\tremor_data\00120_2025-02-28--00-00-00_2025-03-01_23--23-59-59_eruption-0.csv
2025-03-02 12:00:00,121,0,D:\Projects\eruption-forecast\examples\output\VG.OJN.00.EHN\training\label_2025-01-01_2025-07-31_ws-2_step-12-hours_dtf-2\tremor_data\00121_2025-02-28--12-00-00_2025-03-02_11--11-59-59_eruption-0.csv
2025-03-03 00:00:00,122,0,D:\Projects\eruption-forecast\examples\output\VG.OJN.00.EHN\training\label_2025-01-01_2025-07-31_ws-2_step-12-hours_dtf-2\tremor_data\00122_2025-03-01--00-00-00_2025-03-02_23--23-59-59_eruption-0.csv
2025-03-03 12:00:00,123,0,D:\Projects\eruption-forecast\examples\output\VG.OJN.00.EHN\training\label_2025-01-01_2025-07-31_ws-2_step-12-hours_dtf-2\tremor_data\00123_2025-03-01--12-00-00_2025-03-03_11--11-59-59_eruption-0.csv
2025-03-04 00:00:00,124,0,D:\Projects\eruption-forecast\examples\output\VG.OJN.00.EHN\training\label_2025-01-01_2025-07-31_ws-2_step-12-hours_dtf-2\tremor_data\00124_2025-03-02--00-00-00_2025-03-03_23--23-59-59_eruption-0.csv
2025-03-04 12:00:00,125,0,D:\Projects\eruption-forecast\examples\output\VG.OJN.00.EHN\training\label_2025-01-01_2025-07-31_ws-2_step-12-hours_dtf-2\tremor_data\00125_2025-03-02--12-00-00_2025-03-04_11--11-59-59_eruption-0.csv
2025-03-05 00:00:00,126,0,D:\Projects\eruption-forecast\examples\output\VG.OJN.00.EHN\training\label_2025-01-01_2025-07-31_ws-2_step-12-hours_dtf-2\tremor_data\00126_2025-03-03--00-00-00_2025-03-04_23--23-59-59_eruption-0.csv
2025-03-05 12:00:00,127,0,D:\Projects\eruption-forecast\examples\output\VG.OJN.00.EHN\training\label_2025-01-01_2025-07-31_ws-2_step-12-hours_dtf-2\tremor_data\00127_2025-03-03--12-00-00_2025-03-05_11--11-59-59_eruption-0.csv
2025-03-06 00:00:00,128,0,D:\Projects\eruption-forecast\examples\output\VG.OJN.00.EHN\training\label_2025-01-01_2025-07-31_ws-2_step-12-hours_dtf-2\tremor_data\00128_2025-03-04--00-00-00_2025-03-05_23--23-59-59_eruption-0.csv
2025-03-06 12:00:00,129,0,D:\Projects\eruption-forecast\examples\output\VG.OJN.00.EHN\training\label_2025-01-01_2025-07-31_ws-2_step-12-hours_dtf-2\tremor_data\00129_2025-03-04--12-00-00_2025-03-06_11--11-59-59_eruption-0.csv
2025-03-07 00:00:00,130,0,D:\Projects\eruption-forecast\examples\output\VG.OJN.00.EHN\training\label_2025-01-01_2025-07-31_ws-2_step-12-hours_dtf-2\tremor_data\00130_2025-03-05--00-00-00_2025-03-06_23--23-59-59_eruption-0.csv
2025-03-07 12:00:00,131,0,D:\Projects\eruption-forecast\examples\output\VG.OJN.00.EHN\training\label_2025-01-01_2025-07-31_ws-2_step-12-hours_dtf-2\tremor_data\00131_2025-03-05--12-00-00_2025-03-07_11--11-59-59_eruption-0.csv
2025-03-08 00:00:00,132,0,D:\Projects\eruption-forecast\examples\output\VG.OJN.00.EHN\training\label_2025-01-01_2025-07-31_ws-2_step-12-hours_dtf-2\tremor_data\00132_2025-03-06--00-00-00_2025-03-07_23--23-59-59_eruption-0.csv
2025-03-08 12:00:00,133,0,D:\Projects\eruption-forecast\examples\output\VG.OJN.00.EHN\training\label_2025-01-01_2025-07-31_ws-2_step-12-hours_dtf-2\tremor_data\00133_2025-03-06--12-00-00_2025-03-08_11--11-59-59_eruption-0.csv
2025-03-09 00:00:00,134,0,D:\Projects\eruption-forecast\examples\output\VG.OJN.00.EHN\training\label_2025-01-01_2025-07-31_ws-2_step-12-hours_dtf-2\tremor_data\00134_2025-03-07--00-00-00_2025-03-08_23--23-59-59_eruption-0.csv
2025-03-09 12:00:00,135,0,D:\Projects\eruption-forecast\examples\output\VG.OJN.00.EHN\training\label_2025-01-01_2025-07-31_ws-2_step-12-hours_dtf-2\tremor_data\00135_2025-03-07--12-00-00_2025-03-09_11--11-59-59_eruption-0.csv
2025-03-10 00:00:00,136,0,D:\Projects\eruption-forecast\examples\output\VG.OJN.00.EHN\training\label_2025-01-01_2025-07-31_ws-2_step-12-hours_dtf-2\tremor_data\00136_2025-03-08--00-00-00_2025-03-09_23--23-59-59_eruption-0.csv
2025-03-10 12:00:00,137,0,D:\Projects\eruption-forecast\examples\output\VG.OJN.00.EHN\training\label_2025-01-01_2025-07-31_ws-2_step-12-hours_dtf-2\tremor_data\00137_2025-03-08--12-00-00_2025-03-10_11--11-59-59_eruption-0.csv
2025-03-11 00:00:00,138,0,D:\Projects\eruption-forecast\examples\output\VG.OJN.00.EHN\training\label_2025-01-01_2025-07-31_ws-2_step-12-hours_dtf-2\tremor_data\00138_2025-03-09--00-00-00_2025-03-10_23--23-59-59_eruption-0.csv
2025-03-11 12:00:00,139,0,D:\Projects\eruption-forecast\examples\output\VG.OJN.00.EHN\training\label_2025-01-01_2025-07-31_ws-2_step-12-hours_dtf-2\tremor_data\00139_2025-03-09--12-00-00_2025-03-11_11--11-59-59_eruption-0.csv
2025-03-12 00:00:00,140,0,D:\Projects\eruption-forecast\examples\output\VG.OJN.00.EHN\training\label_2025-01-01_2025-07-31_ws-2_step-12-hours_dtf-2\tremor_data\00140_2025-03-10--00-00-00_2025-03-11_23--23-59-59_eruption-0.csv
2025-03-12 12:00:00,141,0,D:\Projects\eruption-forecast\examples\output\VG.OJN.00.EHN\training\label_2025-01-01_2025-07-31_ws-2_step-12-hours_dtf-2\tremor_data\00141_2025-03-10--12-00-00_2025-03-12_11--11-59-59_eruption-0.csv
2025-03-13 00:00:00,142,0,D:\Projects\eruption-forecast\examples\output\VG.OJN.00.EHN\training\label_2025-01-01_2025-07-31_ws-2_step-12-hours_dtf-2\tremor_data\00142_2025-03-11--00-00-00_2025-03-12_23--23-59-59_eruption-0.csv
2025-03-13 12:00:00,143,0,D:\Projects\eruption-forecast\examples\output\VG.OJN.00.EHN\training\label_2025-01-01_2025-07-31_ws-2_step-12-hours_dtf-2\tremor_data\00143_2025-03-11--12-00-00_2025-03-13_11--11-59-59_eruption-0.csv
2025-03-14 00:00:00,144,0,D:\Projects\eruption-forecast\examples\output\VG.OJN.00.EHN\training\label_2025-01-01_2025-07-31_ws-2_step-12-hours_dtf-2\tremor_data\00144_2025-03-12--00-00-00_2025-03-13_23--23-59-59_eruption-0.csv
2025-03-14 12:00:00,145,0,D:\Projects\eruption-forecast\examples\output\VG.OJN.00.EHN\training\label_2025-01-01_2025-07-31_ws-2_step-12-hours_dtf-2\tremor_data\00145_2025-03-12--12-00-00_2025-03-14_11--11-59-59_eruption-0.csv
2025-03-15 00:00:00,146,0,D:\Projects\eruption-forecast\examples\output\VG.OJN.00.EHN\training\label_2025-01-01_2025-07-31_ws-2_step-12-hours_dtf-2\tremor_data\00146_2025-03-13--00-00-00_2025-03-14_23--23-59-59_eruption-0.csv
2025-03-15 12:00:00,147,0,D:\Projects\eruption-forecast\examples\output\VG.OJN.00.EHN\training\label_2025-01-01_2025-07-31_ws-2_step-12-hours_dtf-2\tremor_data\00147_2025-03-13--12-00-00_2025-03-15_11--11-59-59_eruption-0.csv
2025-03-16 00:00:00,148,0,D:\Projects\eruption-forecast\examples\output\VG.OJN.00.EHN\training\label_2025-01-01_2025-07-31_ws-2_step-12-hours_dtf-2\tremor_data\00148_2025-03-14--00-00-00_2025-03-15_23--23-59-59_eruption-0.csv
2025-03-16 12:00:00,149,0,D:\Projects\eruption-forecast\examples\output\VG.OJN.00.EHN\training\label_2025-01-01_2025-07-31_ws-2_step-12-hours_dtf-2\tremor_data\00149_2025-03-14--12-00-00_2025-03-16_11--11-59-59_eruption-0.csv
2025-03-17 00:00:00,150,0,D:\Projects\eruption-forecast\examples\output\VG.OJN.00.EHN\training\label_2025-01-01_2025-07-31_ws-2_step-12-hours_dtf-2\tremor_data\00150_2025-03-15--00-00-00_2025-03-16_23--23-59-59_eruption-0.csv
2025-03-17 12:00:00,151,0,D:\Projects\eruption-forecast\examples\output\VG.OJN.00.EHN\training\label_2025-01-01_2025-07-31_ws-2_step-12-hours_dtf-2\tremor_data\00151_2025-03-15--12-00-00_2025-03-17_11--11-59-59_eruption-0.csv
2025-03-18 00:00:00,152,1,D:\Projects\eruption-forecast\examples\output\VG.OJN.00.EHN\training\label_2025-01-01_2025-07-31_ws-2_step-12-hours_dtf-2\tremor_data\00152_2025-03-16--00-00-00_2025-03-17_23--23-59-59_eruption-1.csv
2025-03-18 12:00:00,153,1,D:\Projects\eruption-forecast\examples\output\VG.OJN.00.EHN\training\label_2025-01-01_2025-07-31_ws-2_step-12-hours_dtf-2\tremor_data\00153_2025-03-16--12-00-00_2025-03-18_11--11-59-59_eruption-1.csv
2025-03-19 00:00:00,154,1,D:\Projects\eruption-forecast\examples\output\VG.OJN.00.EHN\training\label_2025-01-01_2025-07-31_ws-2_step-12-hours_dtf-2\tremor_data\00154_2025-03-17--00-00-00_2025-03-18_23--23-59-59_eruption-1.csv
2025-03-19 12:00:00,155,1,D:\Projects\eruption-forecast\examples\output\VG.OJN.00.EHN\training\label_2025-01-01_2025-07-31_ws-2_step-12-hours_dtf-2\tremor_data\00155_2025-03-17--12-00-00_2025-03-19_11--11-59-59_eruption-1.csv
2025-03-20 00:00:00,156,1,D:\Projects\eruption-forecast\examples\output\VG.OJN.00.EHN\training\label_2025-01-01_2025-07-31_ws-2_step-12-hours_dtf-2\tremor_data\00156_2025-03-18--00-00-00_2025-03-19_23--23-59-59_eruption-1.csv
2025-03-20 12:00:00,157,1,D:\Projects\eruption-forecast\examples\output\VG.OJN.00.EHN\training\label_2025-01-01_2025-07-31_ws-2_step-12-hours_dtf-2\tremor_data\00157_2025-03-18--12-00-00_2025-03-20_11--11-59-59_eruption-1.csv
2025-03-21 00:00:00,158,0,D:\Projects\eruption-forecast\examples\output\VG.OJN.00.EHN\training\label_2025-01-01_2025-07-31_ws-2_step-12-hours_dtf-2\tremor_data\00158_2025-03-19--00-00-00_2025-03-20_23--23-59-59_eruption-0.csv
2025-03-21 12:00:00,159,0,D:\Projects\eruption-forecast\examples\output\VG.OJN.00.EHN\training\label_2025-01-01_2025-07-31_ws-2_step-12-hours_dtf-2\tremor_data\00159_2025-03-19--12-00-00_2025-03-21_11--11-59-59_eruption-0.csv
2025-03-22 00:00:00,160,0,D:\Projects\eruption-forecast\examples\output\VG.OJN.00.EHN\training\label_2025-01-01_2025-07-31_ws-2_step-12-hours_dtf-2\tremor_data\00160_2025-03-20--00-00-00_2025-03-21_23--23-59-59_eruption-0.csv
2025-03-22 12:00:00,161,0,D:\Projects\eruption-forecast\examples\output\VG.OJN.00.EHN\training\label_2025-01-01_2025-07-31_ws-2_step-12-hours_dtf-2\tremor_data\00161_2025-03-20--12-00-00_2025-03-22_11--11-59-59_eruption-0.csv
2025-03-23 00:00:00,162,0,D:\Projects\eruption-forecast\examples\output\VG.OJN.00.EHN\training\label_2025-01-01_2025-07-31_ws-2_step-12-hours_dtf-2\tremor_data\00162_2025-03-21--00-00-00_2025-03-22_23--23-59-59_eruption-0.csv
2025-03-23 12:00:00,163,0,D:\Projects\eruption-forecast\examples\output\VG.OJN.00.EHN\training\label_2025-01-01_2025-07-31_ws-2_step-12-hours_dtf-2\tremor_data\00163_2025-03-21--12-00-00_2025-03-23_11--11-59-59_eruption-0.csv
2025-03-24 00:00:00,164,0,D:\Projects\eruption-forecast\examples\output\VG.OJN.00.EHN\training\label_2025-01-01_2025-07-31_ws-2_step-12-hours_dtf-2\tremor_data\00164_2025-03-22--00-00-00_2025-03-23_23--23-59-59_eruption-0.csv
2025-03-24 12:00:00,165,0,D:\Projects\eruption-forecast\examples\output\VG.OJN.00.EHN\training\label_2025-01-01_2025-07-31_ws-2_step-12-hours_dtf-2\tremor_data\00165_2025-03-22--12-00-00_2025-03-24_11--11-59-59_eruption-0.csv
2025-03-25 00:00:00,166,0,D:\Projects\eruption-forecast\examples\output\VG.OJN.00.EHN\training\label_2025-01-01_2025-07-31_ws-2_step-12-hours_dtf-2\tremor_data\00166_2025-03-23--00-00-00_2025-03-24_23--23-59-59_eruption-0.csv
2025-03-25 12:00:00,167,0,D:\Projects\eruption-forecast\examples\output\VG.OJN.00.EHN\training\label_2025-01-01_2025-07-31_ws-2_step-12-hours_dtf-2\tremor_data\00167_2025-03-23--12-00-00_2025-03-25_11--11-59-59_eruption-0.csv
2025-03-26 00:00:00,168,0,D:\Projects\eruption-forecast\examples\output\VG.OJN.00.EHN\training\label_2025-01-01_2025-07-31_ws-2_step-12-hours_dtf-2\tremor_data\00168_2025-03-24--00-00-00_2025-03-25_23--23-59-59_eruption-0.csv
2025-03-26 12:00:00,169,0,D:\Projects\eruption-forecast\examples\output\VG.OJN.00.EHN\training\label_2025-01-01_2025-07-31_ws-2_step-12-hours_dtf-2\tremor_data\00169_2025-03-24--12-00-00_2025-03-26_11--11-59-59_eruption-0.csv
2025-03-27 00:00:00,170,0,D:\Projects\eruption-forecast\examples\output\VG.OJN.00.EHN\training\label_2025-01-01_2025-07-31_ws-2_step-12-hours_dtf-2\tremor_data\00170_2025-03-25--00-00-00_2025-03-26_23--23-59-59_eruption-0.csv
2025-03-27 12:00:00,171,0,D:\Projects\eruption-forecast\examples\output\VG.OJN.00.EHN\training\label_2025-01-01_2025-07-31_ws-2_step-12-hours_dtf-2\tremor_data\00171_2025-03-25--12-00-00_2025-03-27_11--11-59-59_eruption-0.csv
2025-03-28 00:00:00,172,0,D:\Projects\eruption-forecast\examples\output\VG.OJN.00.EHN\training\label_2025-01-01_2025-07-31_ws-2_step-12-hours_dtf-2\tremor_data\00172_2025-03-26--00-00-00_2025-03-27_23--23-59-59_eruption-0.csv
2025-03-28 12:00:00,173,0,D:\Projects\eruption-forecast\examples\output\VG.OJN.00.EHN\training\label_2025-01-01_2025-07-31_ws-2_step-12-hours_dtf-2\tremor_data\00173_2025-03-26--12-00-00_2025-03-28_11--11-59-59_eruption-0.csv
2025-03-29 00:00:00,174,0,D:\Projects\eruption-forecast\examples\output\VG.OJN.00.EHN\training\label_2025-01-01_2025-07-31_ws-2_step-12-hours_dtf-2\tremor_data\00174_2025-03-27--00-00-00_2025-03-28_23--23-59-59_eruption-0.csv
2025-03-29 12:00:00,175,0,D:\Projects\eruption-forecast\examples\output\VG.OJN.00.EHN\training\label_2025-01-01_2025-07-31_ws-2_step-12-hours_dtf-2\tremor_data\00175_2025-03-27--12-00-00_2025-03-29_11--11-59-59_eruption-0.csv
2025-03-30 00:00:00,176,0,D:\Projects\eruption-forecast\examples\output\VG.OJN.00.EHN\training\label_2025-01-01_2025-07-31_ws-2_step-12-hours_dtf-2\tremor_data\00176_2025-03-28--00-00-00_2025-03-29_23--23-59-59_eruption-0.csv
2025-03-30 12:00:00,177,0,D:\Projects\eruption-forecast\examples\output\VG.OJN.00.EHN\training\label_2025-01-01_2025-07-31_ws-2_step-12-hours_dtf-2\tremor_data\00177_2025-03-28--12-00-00_2025-03-30_11--11-59-59_eruption-0.csv
2025-03-31 00:00:00,178,0,D:\Projects\eruption-forecast\examples\output\VG.OJN.00.EHN\training\label_2025-01-01_2025-07-31_ws-2_step-12-hours_dtf-2\tremor_data\00178_2025-03-29--00-00-00_2025-03-30_23--23-59-59_eruption-0.csv
2025-03-31 12:00:00,179,0,D:\Projects\eruption-forecast\examples\output\VG.OJN.00.EHN\training\label_2025-01-01_2025-07-31_ws-2_step-12-hours_dtf-2\tremor_data\00179_2025-03-29--12-00-00_2025-03-31_11--11-59-59_eruption-0.csv
2025-04-01 00:00:00,180,0,D:\Projects\eruption-forecast\examples\output\VG.OJN.00.EHN\training\label_2025-01-01_2025-07-31_ws-2_step-12-hours_dtf-2\tremor_data\00180_2025-03-30--00-00-00_2025-03-31_23--23-59-59_eruption-0.csv
2025-04-01 12:00:00,181,0,D:\Projects\eruption-forecast\examples\output\VG.OJN.00.EHN\training\label_2025-01-01_2025-07-31_ws-2_step-12-hours_dtf-2\tremor_data\00181_2025-03-30--12-00-00_2025-04-01_11--11-59-59_eruption-0.csv
2025-04-02 00:00:00,182,0,D:\Projects\eruption-forecast\examples\output\VG.OJN.00.EHN\training\label_2025-01-01_2025-07-31_ws-2_step-12-hours_dtf-2\tremor_data\00182_2025-03-31--00-00-00_2025-04-01_23--23-59-59_eruption-0.csv
2025-04-02 12:00:00,183,0,D:\Projects\eruption-forecast\examples\output\VG.OJN.00.EHN\training\label_2025-01-01_2025-07-31_ws-2_step-12-hours_dtf-2\tremor_data\00183_2025-03-31--12-00-00_2025-04-02_11--11-59-59_eruption-0.csv
2025-04-03 00:00:00,184,0,D:\Projects\eruption-forecast\examples\output\VG.OJN.00.EHN\training\label_2025-01-01_2025-07-31_ws-2_step-12-hours_dtf-2\tremor_data\00184_2025-04-01--00-00-00_2025-04-02_23--23-59-59_eruption-0.csv
2025-04-03 12:00:00,185,0,D:\Projects\eruption-forecast\examples\output\VG.OJN.00.EHN\training\label_2025-01-01_2025-07-31_ws-2_step-12-hours_dtf-2\tremor_data\00185_2025-04-01--12-00-00_2025-04-03_11--11-59-59_eruption-0.csv
2025-04-04 00:00:00,186,0,D:\Projects\eruption-forecast\examples\output\VG.OJN.00.EHN\training\label_2025-01-01_2025-07-31_ws-2_step-12-hours_dtf-2\tremor_data\00186_2025-04-02--00-00-00_2025-04-03_23--23-59-59_eruption-0.csv
2025-04-04 12:00:00,187,0,D:\Projects\eruption-forecast\examples\output\VG.OJN.00.EHN\training\label_2025-01-01_2025-07-31_ws-2_step-12-hours_dtf-2\tremor_data\00187_2025-04-02--12-00-00_2025-04-04_11--11-59-59_eruption-0.csv
2025-04-05 00:00:00,188,0,D:\Projects\eruption-forecast\examples\output\VG.OJN.00.EHN\training\label_2025-01-01_2025-07-31_ws-2_step-12-hours_dtf-2\tremor_data\00188_2025-04-03--00-00-00_2025-04-04_23--23-59-59_eruption-0.csv
2025-04-05 12:00:00,189,0,D:\Projects\eruption-forecast\examples\output\VG.OJN.00.EHN\training\label_2025-01-01_2025-07-31_ws-2_step-12-hours_dtf-2\tremor_data\00189_2025-04-03--12-00-00_2025-04-05_11--11-59-59_eruption-0.csv
2025-04-06 00:00:00,190,0,D:\Projects\eruption-forecast\examples\output\VG.OJN.00.EHN\training\label_2025-01-01_2025-07-31_ws-2_step-12-hours_dtf-2\tremor_data\00190_2025-04-04--00-00-00_2025-04-05_23--23-59-59_eruption-0.csv
2025-04-06 12:00:00,191,0,D:\Projects\eruption-forecast\examples\output\VG.OJN.00.EHN\training\label_2025-01-01_2025-07-31_ws-2_step-12-hours_dtf-2\tremor_data\00191_2025-04-04--12-00-00_2025-04-06_11--11-59-59_eruption-0.csv
2025-04-07 00:00:00,192,0,D:\Projects\eruption-forecast\examples\output\VG.OJN.00.EHN\training\label_2025-01-01_2025-07-31_ws-2_step-12-hours_dtf-2\tremor_data\00192_2025-04-05--00-00-00_2025-04-06_23--23-59-59_eruption-0.csv
2025-04-07 12:00:00,193,0,D:\Projects\eruption-forecast\examples\output\VG.OJN.00.EHN\training\label_2025-01-01_2025-07-31_ws-2_step-12-hours_dtf-2\tremor_data\00193_2025-04-05--12-00-00_2025-04-07_11--11-59-59_eruption-0.csv
2025-04-08 00:00:00,194,0,D:\Projects\eruption-forecast\examples\output\VG.OJN.00.EHN\training\label_2025-01-01_2025-07-31_ws-2_step-12-hours_dtf-2\tremor_data\00194_2025-04-06--00-00-00_2025-04-07_23--23-59-59_eruption-0.csv
2025-04-08 12:00:00,195,0,D:\Projects\eruption-forecast\examples\output\VG.OJN.00.EHN\training\label_2025-01-01_2025-07-31_ws-2_step-12-hours_dtf-2\tremor_data\00195_2025-04-06--12-00-00_2025-04-08_11--11-59-59_eruption-0.csv
2025-04-09 00:00:00,196,0,D:\Projects\eruption-forecast\examples\output\VG.OJN.00.EHN\training\label_2025-01-01_2025-07-31_ws-2_step-12-hours_dtf-2\tremor_data\00196_2025-04-07--00-00-00_2025-04-08_23--23-59-59_eruption-0.csv
2025-04-09 12:00:00,197,0,D:\Projects\eruption-forecast\examples\output\VG.OJN.00.EHN\training\label_2025-01-01_2025-07-31_ws-2_step-12-hours_dtf-2\tremor_data\00197_2025-04-07--12-00-00_2025-04-09_11--11-59-59_eruption-0.csv
2025-04-10 00:00:00,198,0,D:\Projects\eruption-forecast\examples\output\VG.OJN.00.EHN\training\label_2025-01-01_2025-07-31_ws-2_step-12-hours_dtf-2\tremor_data\00198_2025-04-08--00-00-00_2025-04-09_23--23-59-59_eruption-0.csv
2025-04-10 12:00:00,199,0,D:\Projects\eruption-forecast\examples\output\VG.OJN.00.EHN\training\label_2025-01-01_2025-07-31_ws-2_step-12-hours_dtf-2\tremor_data\00199_2025-04-08--12-00-00_2025-04-10_11--11-59-59_eruption-0.csv
2025-04-11 00:00:00,200,0,D:\Projects\eruption-forecast\examples\output\VG.OJN.00.EHN\training\label_2025-01-01_2025-07-31_ws-2_step-12-hours_dtf-2\tremor_data\00200_2025-04-09--00-00-00_2025-04-10_23--23-59-59_eruption-0.csv
2025-04-11 12:00:00,201,0,D:\Projects\eruption-forecast\examples\output\VG.OJN.00.EHN\training\label_2025-01-01_2025-07-31_ws-2_step-12-hours_dtf-2\tremor_data\00201_2025-04-09--12-00-00_2025-04-11_11--11-59-59_eruption-0.csv
2025-04-12 00:00:00,202,0,D:\Projects\eruption-forecast\examples\output\VG.OJN.00.EHN\training\label_2025-01-01_2025-07-31_ws-2_step-12-hours_dtf-2\tremor_data\00202_2025-04-10--00-00-00_2025-04-11_23--23-59-59_eruption-0.csv
2025-04-12 12:00:00,203,0,D:\Projects\eruption-forecast\examples\output\VG.OJN.00.EHN\training\label_2025-01-01_2025-07-31_ws-2_step-12-hours_dtf-2\tremor_data\00203_2025-04-10--12-00-00_2025-04-12_11--11-59-59_eruption-0.csv
2025-04-13 00:00:00,204,0,D:\Projects\eruption-forecast\examples\output\VG.OJN.00.EHN\training\label_2025-01-01_2025-07-31_ws-2_step-12-hours_dtf-2\tremor_data\00204_2025-04-11--00-00-00_2025-04-12_23--23-59-59_eruption-0.csv
2025-04-13 12:00:00,205,0,D:\Projects\eruption-forecast\examples\output\VG.OJN.00.EHN\training\label_2025-01-01_2025-07-31_ws-2_step-12-hours_dtf-2\tremor_data\00205_2025-04-11--12-00-00_2025-04-13_11--11-59-59_eruption-0.csv
2025-04-14 00:00:00,206,0,D:\Projects\eruption-forecast\examples\output\VG.OJN.00.EHN\training\label_2025-01-01_2025-07-31_ws-2_step-12-hours_dtf-2\tremor_data\00206_2025-04-12--00-00-00_2025-04-13_23--23-59-59_eruption-0.csv
2025-04-14 12:00:00,207,0,D:\Projects\eruption-forecast\examples\output\VG.OJN.00.EHN\training\label_2025-01-01_2025-07-31_ws-2_step-12-hours_dtf-2\tremor_data\00207_2025-04-12--12-00-00_2025-04-14_11--11-59-59_eruption-0.csv
2025-04-15 00:00:00,208,0,D:\Projects\eruption-forecast\examples\output\VG.OJN.00.EHN\training\label_2025-01-01_2025-07-31_ws-2_step-12-hours_dtf-2\tremor_data\00208_2025-04-13--00-00-00_2025-04-14_23--23-59-59_eruption-0.csv
2025-04-15 12:00:00,209,0,D:\Projects\eruption-forecast\examples\output\VG.OJN.00.EHN\training\label_2025-01-01_2025-07-31_ws-2_step-12-hours_dtf-2\tremor_data\00209_2025-04-13--12-00-00_2025-04-15_11--11-59-59_eruption-0.csv
2025-04-16 00:00:00,210,0,D:\Projects\eruption-forecast\examples\output\VG.OJN.00.EHN\training\label_2025-01-01_2025-07-31_ws-2_step-12-hours_dtf-2\tremor_data\00210_2025-04-14--00-00-00_2025-04-15_23--23-59-59_eruption-0.csv
2025-04-16 12:00:00,211,0,D:\Projects\eruption-forecast\examples\output\VG.OJN.00.EHN\training\label_2025-01-01_2025-07-31_ws-2_step-12-hours_dtf-2\tremor_data\00211_2025-04-14--12-00-00_2025-04-16_11--11-59-59_eruption-0.csv
2025-04-17 00:00:00,212,0,D:\Projects\eruption-forecast\examples\output\VG.OJN.00.EHN\training\label_2025-01-01_2025-07-31_ws-2_step-12-hours_dtf-2\tremor_data\00212_2025-04-15--00-00-00_2025-04-16_23--23-59-59_eruption-0.csv
2025-04-17 12:00:00,213,0,D:\Projects\eruption-forecast\examples\output\VG.OJN.00.EHN\training\label_2025-01-01_2025-07-31_ws-2_step-12-hours_dtf-2\tremor_data\00213_2025-04-15--12-00-00_2025-04-17_11--11-59-59_eruption-0.csv
2025-04-18 00:00:00,214,0,D:\Projects\eruption-forecast\examples\output\VG.OJN.00.EHN\training\label_2025-01-01_2025-07-31_ws-2_step-12-hours_dtf-2\tremor_data\00214_2025-04-16--00-00-00_2025-04-17_23--23-59-59_eruption-0.csv
2025-04-18 12:00:00,215,0,D:\Projects\eruption-forecast\examples\output\VG.OJN.00.EHN\training\label_2025-01-01_2025-07-31_ws-2_step-12-hours_dtf-2\tremor_data\00215_2025-04-16--12-00-00_2025-04-18_11--11-59-59_eruption-0.csv
2025-04-19 00:00:00,216,0,D:\Projects\eruption-forecast\examples\output\VG.OJN.00.EHN\training\label_2025-01-01_2025-07-31_ws-2_step-12-hours_dtf-2\tremor_data\00216_2025-04-17--00-00-00_2025-04-18_23--23-59-59_eruption-0.csv
2025-04-19 12:00:00,217,0,D:\Projects\eruption-forecast\examples\output\VG.OJN.00.EHN\training\label_2025-01-01_2025-07-31_ws-2_step-12-hours_dtf-2\tremor_data\00217_2025-04-17--12-00-00_2025-04-19_11--11-59-59_eruption-0.csv
2025-04-20 00:00:00,218,1,D:\Projects\eruption-forecast\examples\output\VG.OJN.00.EHN\training\label_2025-01-01_2025-07-31_ws-2_step-12-hours_dtf-2\tremor_data\00218_2025-04-18--00-00-00_2025-04-19_23--23-59-59_eruption-1.csv
2025-04-20 12:00:00,219,1,D:\Projects\eruption-forecast\examples\output\VG.OJN.00.EHN\training\label_2025-01-01_2025-07-31_ws-2_step-12-hours_dtf-2\tremor_data\00219_2025-04-18--12-00-00_2025-04-20_11--11-59-59_eruption-1.csv
2025-04-21 00:00:00,220,1,D:\Projects\eruption-forecast\examples\output\VG.OJN.00.EHN\training\label_2025-01-01_2025-07-31_ws-2_step-12-hours_dtf-2\tremor_data\00220_2025-04-19--00-00-00_2025-04-20_23--23-59-59_eruption-1.csv
2025-04-21 12:00:00,221,1,D:\Projects\eruption-forecast\examples\output\VG.OJN.00.EHN\training\label_2025-01-01_2025-07-31_ws-2_step-12-hours_dtf-2\tremor_data\00221_2025-04-19--12-00-00_2025-04-21_11--11-59-59_eruption-1.csv
2025-04-22 00:00:00,222,1,D:\Projects\eruption-forecast\examples\output\VG.OJN.00.EHN\training\label_2025-01-01_2025-07-31_ws-2_step-12-hours_dtf-2\tremor_data\00222_2025-04-20--00-00-00_2025-04-21_23--23-59-59_eruption-1.csv
2025-04-22 12:00:00,223,1,D:\Projects\eruption-forecast\examples\output\VG.OJN.00.EHN\training\label_2025-01-01_2025-07-31_ws-2_step-12-hours_dtf-2\tremor_data\00223_2025-04-20--12-00-00_2025-04-22_11--11-59-59_eruption-1.csv
2025-04-23 00:00:00,224,0,D:\Projects\eruption-forecast\examples\output\VG.OJN.00.EHN\training\label_2025-01-01_2025-07-31_ws-2_step-12-hours_dtf-2\tremor_data\00224_2025-04-21--00-00-00_2025-04-22_23--23-59-59_eruption-0.csv
2025-04-23 12:00:00,225,0,D:\Projects\eruption-forecast\examples\output\VG.OJN.00.EHN\training\label_2025-01-01_2025-07-31_ws-2_step-12-hours_dtf-2\tremor_data\00225_2025-04-21--12-00-00_2025-04-23_11--11-59-59_eruption-0.csv
2025-04-24 00:00:00,226,0,D:\Projects\eruption-forecast\examples\output\VG.OJN.00.EHN\training\label_2025-01-01_2025-07-31_ws-2_step-12-hours_dtf-2\tremor_data\00226_2025-04-22--00-00-00_2025-04-23_23--23-59-59_eruption-0.csv
2025-04-24 12:00:00,227,0,D:\Projects\eruption-forecast\examples\output\VG.OJN.00.EHN\training\label_2025-01-01_2025-07-31_ws-2_step-12-hours_dtf-2\tremor_data\00227_2025-04-22--12-00-00_2025-04-24_11--11-59-59_eruption-0.csv
2025-04-25 00:00:00,228,0,D:\Projects\eruption-forecast\examples\output\VG.OJN.00.EHN\training\label_2025-01-01_2025-07-31_ws-2_step-12-hours_dtf-2\tremor_data\00228_2025-04-23--00-00-00_2025-04-24_23--23-59-59_eruption-0.csv
2025-04-25 12:00:00,229,0,D:\Projects\eruption-forecast\examples\output\VG.OJN.00.EHN\training\label_2025-01-01_2025-07-31_ws-2_step-12-hours_dtf-2\tremor_data\00229_2025-04-23--12-00-00_2025-04-25_11--11-59-59_eruption-0.csv
2025-04-26 00:00:00,230,0,D:\Projects\eruption-forecast\examples\output\VG.OJN.00.EHN\training\label_2025-01-01_2025-07-31_ws-2_step-12-hours_dtf-2\tremor_data\00230_2025-04-24--00-00-00_2025-04-25_23--23-59-59_eruption-0.csv
2025-04-26 12:00:00,231,0,D:\Projects\eruption-forecast\examples\output\VG.OJN.00.EHN\training\label_2025-01-01_2025-07-31_ws-2_step-12-hours_dtf-2\tremor_data\00231_2025-04-24--12-00-00_2025-04-26_11--11-59-59_eruption-0.csv
2025-04-27 00:00:00,232,0,D:\Projects\eruption-forecast\examples\output\VG.OJN.00.EHN\training\label_2025-01-01_2025-07-31_ws-2_step-12-hours_dtf-2\tremor_data\00232_2025-04-25--00-00-00_2025-04-26_23--23-59-59_eruption-0.csv
2025-04-27 12:00:00,233,0,D:\Projects\eruption-forecast\examples\output\VG.OJN.00.EHN\training\label_2025-01-01_2025-07-31_ws-2_step-12-hours_dtf-2\tremor_data\00233_2025-04-25--12-00-00_2025-04-27_11--11-59-59_eruption-0.csv
2025-04-28 00:00:00,234,0,D:\Projects\eruption-forecast\examples\output\VG.OJN.00.EHN\training\label_2025-01-01_2025-07-31_ws-2_step-12-hours_dtf-2\tremor_data\00234_2025-04-26--00-00-00_2025-04-27_23--23-59-59_eruption-0.csv
2025-04-28 12:00:00,235,0,D:\Projects\eruption-forecast\examples\output\VG.OJN.00.EHN\training\label_2025-01-01_2025-07-31_ws-2_step-12-hours_dtf-2\tremor_data\00235_2025-04-26--12-00-00_2025-04-28_11--11-59-59_eruption-0.csv
2025-04-29 00:00:00,236,0,D:\Projects\eruption-forecast\examples\output\VG.OJN.00.EHN\training\label_2025-01-01_2025-07-31_ws-2_step-12-hours_dtf-2\tremor_data\00236_2025-04-27--00-00-00_2025-04-28_23--23-59-59_eruption-0.csv
2025-04-29 12:00:00,237,0,D:\Projects\eruption-forecast\examples\output\VG.OJN.00.EHN\training\label_2025-01-01_2025-07-31_ws-2_step-12-hours_dtf-2\tremor_data\00237_2025-04-27--12-00-00_2025-04-29_11--11-59-59_eruption-0.csv
2025-04-30 00:00:00,238,0,D:\Projects\eruption-forecast\examples\output\VG.OJN.00.EHN\training\label_2025-01-01_2025-07-31_ws-2_step-12-hours_dtf-2\tremor_data\00238_2025-04-28--00-00-00_2025-04-29_23--23-59-59_eruption-0.csv
2025-04-30 12:00:00,239,0,D:\Projects\eruption-forecast\examples\output\VG.OJN.00.EHN\training\label_2025-01-01_2025-07-31_ws-2_step-12-hours_dtf-2\tremor_data\00239_2025-04-28--12-00-00_2025-04-30_11--11-59-59_eruption-0.csv
2025-05-01 00:00:00,240,0,D:\Projects\eruption-forecast\examples\output\VG.OJN.00.EHN\training\label_2025-01-01_2025-07-31_ws-2_step-12-hours_dtf-2\tremor_data\00240_2025-04-29--00-00-00_2025-04-30_23--23-59-59_eruption-0.csv
2025-05-01 12:00:00,241,0,D:\Projects\eruption-forecast\examples\output\VG.OJN.00.EHN\training\label_2025-01-01_2025-07-31_ws-2_step-12-hours_dtf-2\tremor_data\00241_2025-04-29--12-00-00_2025-05-01_11--11-59-59_eruption-0.csv
2025-05-02 00:00:00,242,0,D:\Projects\eruption-forecast\examples\output\VG.OJN.00.EHN\training\label_2025-01-01_2025-07-31_ws-2_step-12-hours_dtf-2\tremor_data\00242_2025-04-30--00-00-00_2025-05-01_23--23-59-59_eruption-0.csv
2025-05-02 12:00:00,243,0,D:\Projects\eruption-forecast\examples\output\VG.OJN.00.EHN\training\label_2025-01-01_2025-07-31_ws-2_step-12-hours_dtf-2\tremor_data\00243_2025-04-30--12-00-00_2025-05-02_11--11-59-59_eruption-0.csv
2025-05-03 00:00:00,244,0,D:\Projects\eruption-forecast\examples\output\VG.OJN.00.EHN\training\label_2025-01-01_2025-07-31_ws-2_step-12-hours_dtf-2\tremor_data\00244_2025-05-01--00-00-00_2025-05-02_23--23-59-59_eruption-0.csv
2025-05-03 12:00:00,245,0,D:\Projects\eruption-forecast\examples\output\VG.OJN.00.EHN\training\label_2025-01-01_2025-07-31_ws-2_step-12-hours_dtf-2\tremor_data\00245_2025-05-01--12-00-00_2025-05-03_11--11-59-59_eruption-0.csv
2025-05-04 00:00:00,246,0,D:\Projects\eruption-forecast\examples\output\VG.OJN.00.EHN\training\label_2025-01-01_2025-07-31_ws-2_step-12-hours_dtf-2\tremor_data\00246_2025-05-02--00-00-00_2025-05-03_23--23-59-59_eruption-0.csv
2025-05-04 12:00:00,247,0,D:\Projects\eruption-forecast\examples\output\VG.OJN.00.EHN\training\label_2025-01-01_2025-07-31_ws-2_step-12-hours_dtf-2\tremor_data\00247_2025-05-02--12-00-00_2025-05-04_11--11-59-59_eruption-0.csv
2025-05-05 00:00:00,248,0,D:\Projects\eruption-forecast\examples\output\VG.OJN.00.EHN\training\label_2025-01-01_2025-07-31_ws-2_step-12-hours_dtf-2\tremor_data\00248_2025-05-03--00-00-00_2025-05-04_23--23-59-59_eruption-0.csv
2025-05-05 12:00:00,249,0,D:\Projects\eruption-forecast\examples\output\VG.OJN.00.EHN\training\label_2025-01-01_2025-07-31_ws-2_step-12-hours_dtf-2\tremor_data\00249_2025-05-03--12-00-00_2025-05-05_11--11-59-59_eruption-0.csv
2025-05-06 00:00:00,250,0,D:\Projects\eruption-forecast\examples\output\VG.OJN.00.EHN\training\label_2025-01-01_2025-07-31_ws-2_step-12-hours_dtf-2\tremor_data\00250_2025-05-04--00-00-00_2025-05-05_23--23-59-59_eruption-0.csv
2025-05-06 12:00:00,251,0,D:\Projects\eruption-forecast\examples\output\VG.OJN.00.EHN\training\label_2025-01-01_2025-07-31_ws-2_step-12-hours_dtf-2\tremor_data\00251_2025-05-04--12-00-00_2025-05-06_11--11-59-59_eruption-0.csv
2025-05-07 00:00:00,252,0,D:\Projects\eruption-forecast\examples\output\VG.OJN.00.EHN\training\label_2025-01-01_2025-07-31_ws-2_step-12-hours_dtf-2\tremor_data\00252_2025-05-05--00-00-00_2025-05-06_23--23-59-59_eruption-0.csv
2025-05-07 12:00:00,253,0,D:\Projects\eruption-forecast\examples\output\VG.OJN.00.EHN\training\label_2025-01-01_2025-07-31_ws-2_step-12-hours_dtf-2\tremor_data\00253_2025-05-05--12-00-00_2025-05-07_11--11-59-59_eruption-0.csv
2025-05-08 00:00:00,254,0,D:\Projects\eruption-forecast\examples\output\VG.OJN.00.EHN\training\label_2025-01-01_2025-07-31_ws-2_step-12-hours_dtf-2\tremor_data\00254_2025-05-06--00-00-00_2025-05-07_23--23-59-59_eruption-0.csv
2025-05-08 12:00:00,255,0,D:\Projects\eruption-forecast\examples\output\VG.OJN.00.EHN\training\label_2025-01-01_2025-07-31_ws-2_step-12-hours_dtf-2\tremor_data\00255_2025-05-06--12-00-00_2025-05-08_11--11-59-59_eruption-0.csv
2025-05-09 00:00:00,256,0,D:\Projects\eruption-forecast\examples\output\VG.OJN.00.EHN\training\label_2025-01-01_2025-07-31_ws-2_step-12-hours_dtf-2\tremor_data\00256_2025-05-07--00-00-00_2025-05-08_23--23-59-59_eruption-0.csv
2025-05-09 12:00:00,257,0,D:\Projects\eruption-forecast\examples\output\VG.OJN.00.EHN\training\label_2025-01-01_2025-07-31_ws-2_step-12-hours_dtf-2\tremor_data\00257_2025-05-07--12-00-00_2025-05-09_11--11-59-59_eruption-0.csv
2025-05-10 00:00:00,258,0,D:\Projects\eruption-forecast\examples\output\VG.OJN.00.EHN\training\label_2025-01-01_2025-07-31_ws-2_step-12-hours_dtf-2\tremor_data\00258_2025-05-08--00-00-00_2025-05-09_23--23-59-59_eruption-0.csv
2025-05-10 12:00:00,259,0,D:\Projects\eruption-forecast\examples\output\VG.OJN.00.EHN\training\label_2025-01-01_2025-07-31_ws-2_step-12-hours_dtf-2\tremor_data\00259_2025-05-08--12-00-00_2025-05-10_11--11-59-59_eruption-0.csv
2025-05-11 00:00:00,260,0,D:\Projects\eruption-forecast\examples\output\VG.OJN.00.EHN\training\label_2025-01-01_2025-07-31_ws-2_step-12-hours_dtf-2\tremor_data\00260_2025-05-09--00-00-00_2025-05-10_23--23-59-59_eruption-0.csv
2025-05-11 12:00:00,261,0,D:\Projects\eruption-forecast\examples\output\VG.OJN.00.EHN\training\label_2025-01-01_2025-07-31_ws-2_step-12-hours_dtf-2\tremor_data\00261_2025-05-09--12-00-00_2025-05-11_11--11-59-59_eruption-0.csv
2025-05-12 00:00:00,262,0,D:\Projects\eruption-forecast\examples\output\VG.OJN.00.EHN\training\label_2025-01-01_2025-07-31_ws-2_step-12-hours_dtf-2\tremor_data\00262_2025-05-10--00-00-00_2025-05-11_23--23-59-59_eruption-0.csv
2025-05-12 12:00:00,263,0,D:\Projects\eruption-forecast\examples\output\VG.OJN.00.EHN\training\label_2025-01-01_2025-07-31_ws-2_step-12-hours_dtf-2\tremor_data\00263_2025-05-10--12-00-00_2025-05-12_11--11-59-59_eruption-0.csv
2025-05-13 00:00:00,264,0,D:\Projects\eruption-forecast\examples\output\VG.OJN.00.EHN\training\label_2025-01-01_2025-07-31_ws-2_step-12-hours_dtf-2\tremor_data\00264_2025-05-11--00-00-00_2025-05-12_23--23-59-59_eruption-0.csv
2025-05-13 12:00:00,265,0,D:\Projects\eruption-forecast\examples\output\VG.OJN.00.EHN\training\label_2025-01-01_2025-07-31_ws-2_step-12-hours_dtf-2\tremor_data\00265_2025-05-11--12-00-00_2025-05-13_11--11-59-59_eruption-0.csv
2025-05-14 00:00:00,266,0,D:\Projects\eruption-forecast\examples\output\VG.OJN.00.EHN\training\label_2025-01-01_2025-07-31_ws-2_step-12-hours_dtf-2\tremor_data\00266_2025-05-12--00-00-00_2025-05-13_23--23-59-59_eruption-0.csv
2025-05-14 12:00:00,267,0,D:\Projects\eruption-forecast\examples\output\VG.OJN.00.EHN\training\label_2025-01-01_2025-07-31_ws-2_step-12-hours_dtf-2\tremor_data\00267_2025-05-12--12-00-00_2025-05-14_11--11-59-59_eruption-0.csv
2025-05-15 00:00:00,268,0,D:\Projects\eruption-forecast\examples\output\VG.OJN.00.EHN\training\label_2025-01-01_2025-07-31_ws-2_step-12-hours_dtf-2\tremor_data\00268_2025-05-13--00-00-00_2025-05-14_23--23-59-59_eruption-0.csv
2025-05-15 12:00:00,269,0,D:\Projects\eruption-forecast\examples\output\VG.OJN.00.EHN\training\label_2025-01-01_2025-07-31_ws-2_step-12-hours_dtf-2\tremor_data\00269_2025-05-13--12-00-00_2025-05-15_11--11-59-59_eruption-0.csv
2025-05-16 00:00:00,270,1,D:\Projects\eruption-forecast\examples\output\VG.OJN.00.EHN\training\label_2025-01-01_2025-07-31_ws-2_step-12-hours_dtf-2\tremor_data\00270_2025-05-14--00-00-00_2025-05-15_23--23-59-59_eruption-1.csv
2025-05-16 12:00:00,271,1,D:\Projects\eruption-forecast\examples\output\VG.OJN.00.EHN\training\label_2025-01-01_2025-07-31_ws-2_step-12-hours_dtf-2\tremor_data\00271_2025-05-14--12-00-00_2025-05-16_11--11-59-59_eruption-1.csv
2025-05-17 00:00:00,272,1,D:\Projects\eruption-forecast\examples\output\VG.OJN.00.EHN\training\label_2025-01-01_2025-07-31_ws-2_step-12-hours_dtf-2\tremor_data\00272_2025-05-15--00-00-00_2025-05-16_23--23-59-59_eruption-1.csv
2025-05-17 12:00:00,273,1,D:\Projects\eruption-forecast\examples\output\VG.OJN.00.EHN\training\label_2025-01-01_2025-07-31_ws-2_step-12-hours_dtf-2\tremor_data\00273_2025-05-15--12-00-00_2025-05-17_11--11-59-59_eruption-1.csv
2025-05-18 00:00:00,274,1,D:\Projects\eruption-forecast\examples\output\VG.OJN.00.EHN\training\label_2025-01-01_2025-07-31_ws-2_step-12-hours_dtf-2\tremor_data\00274_2025-05-16--00-00-00_2025-05-17_23--23-59-59_eruption-1.csv
2025-05-18 12:00:00,275,1,D:\Projects\eruption-forecast\examples\output\VG.OJN.00.EHN\training\label_2025-01-01_2025-07-31_ws-2_step-12-hours_dtf-2\tremor_data\00275_2025-05-16--12-00-00_2025-05-18_11--11-59-59_eruption-1.csv
2025-05-19 00:00:00,276,0,D:\Projects\eruption-forecast\examples\output\VG.OJN.00.EHN\training\label_2025-01-01_2025-07-31_ws-2_step-12-hours_dtf-2\tremor_data\00276_2025-05-17--00-00-00_2025-05-18_23--23-59-59_eruption-0.csv
2025-05-19 12:00:00,277,0,D:\Projects\eruption-forecast\examples\output\VG.OJN.00.EHN\training\label_2025-01-01_2025-07-31_ws-2_step-12-hours_dtf-2\tremor_data\00277_2025-05-17--12-00-00_2025-05-19_11--11-59-59_eruption-0.csv
2025-05-20 00:00:00,278,0,D:\Projects\eruption-forecast\examples\output\VG.OJN.00.EHN\training\label_2025-01-01_2025-07-31_ws-2_step-12-hours_dtf-2\tremor_data\00278_2025-05-18--00-00-00_2025-05-19_23--23-59-59_eruption-0.csv
2025-05-20 12:00:00,279,0,D:\Projects\eruption-forecast\examples\output\VG.OJN.00.EHN\training\label_2025-01-01_2025-07-31_ws-2_step-12-hours_dtf-2\tremor_data\00279_2025-05-18--12-00-00_2025-05-20_11--11-59-59_eruption-0.csv
2025-05-21 00:00:00,280,0,D:\Projects\eruption-forecast\examples\output\VG.OJN.00.EHN\training\label_2025-01-01_2025-07-31_ws-2_step-12-hours_dtf-2\tremor_data\00280_2025-05-19--00-00-00_2025-05-20_23--23-59-59_eruption-0.csv
2025-05-21 12:00:00,281,0,D:\Projects\eruption-forecast\examples\output\VG.OJN.00.EHN\training\label_2025-01-01_2025-07-31_ws-2_step-12-hours_dtf-2\tremor_data\00281_2025-05-19--12-00-00_2025-05-21_11--11-59-59_eruption-0.csv
2025-05-22 00:00:00,282,0,D:\Projects\eruption-forecast\examples\output\VG.OJN.00.EHN\training\label_2025-01-01_2025-07-31_ws-2_step-12-hours_dtf-2\tremor_data\00282_2025-05-20--00-00-00_2025-05-21_23--23-59-59_eruption-0.csv
2025-05-22 12:00:00,283,0,D:\Projects\eruption-forecast\examples\output\VG.OJN.00.EHN\training\label_2025-01-01_2025-07-31_ws-2_step-12-hours_dtf-2\tremor_data\00283_2025-05-20--12-00-00_2025-05-22_11--11-59-59_eruption-0.csv
2025-05-23 00:00:00,284,0,D:\Projects\eruption-forecast\examples\output\VG.OJN.00.EHN\training\label_2025-01-01_2025-07-31_ws-2_step-12-hours_dtf-2\tremor_data\00284_2025-05-21--00-00-00_2025-05-22_23--23-59-59_eruption-0.csv
2025-05-23 12:00:00,285,0,D:\Projects\eruption-forecast\examples\output\VG.OJN.00.EHN\training\label_2025-01-01_2025-07-31_ws-2_step-12-hours_dtf-2\tremor_data\00285_2025-05-21--12-00-00_2025-05-23_11--11-59-59_eruption-0.csv
2025-05-24 00:00:00,286,0,D:\Projects\eruption-forecast\examples\output\VG.OJN.00.EHN\training\label_2025-01-01_2025-07-31_ws-2_step-12-hours_dtf-2\tremor_data\00286_2025-05-22--00-00-00_2025-05-23_23--23-59-59_eruption-0.csv
2025-05-24 12:00:00,287,0,D:\Projects\eruption-forecast\examples\output\VG.OJN.00.EHN\training\label_2025-01-01_2025-07-31_ws-2_step-12-hours_dtf-2\tremor_data\00287_2025-05-22--12-00-00_2025-05-24_11--11-59-59_eruption-0.csv
2025-05-25 00:00:00,288,0,D:\Projects\eruption-forecast\examples\output\VG.OJN.00.EHN\training\label_2025-01-01_2025-07-31_ws-2_step-12-hours_dtf-2\tremor_data\00288_2025-05-23--00-00-00_2025-05-24_23--23-59-59_eruption-0.csv
2025-05-25 12:00:00,289,0,D:\Projects\eruption-forecast\examples\output\VG.OJN.00.EHN\training\label_2025-01-01_2025-07-31_ws-2_step-12-hours_dtf-2\tremor_data\00289_2025-05-23--12-00-00_2025-05-25_11--11-59-59_eruption-0.csv
2025-05-26 00:00:00,290,0,D:\Projects\eruption-forecast\examples\output\VG.OJN.00.EHN\training\label_2025-01-01_2025-07-31_ws-2_step-12-hours_dtf-2\tremor_data\00290_2025-05-24--00-00-00_2025-05-25_23--23-59-59_eruption-0.csv
2025-05-26 12:00:00,291,0,D:\Projects\eruption-forecast\examples\output\VG.OJN.00.EHN\training\label_2025-01-01_2025-07-31_ws-2_step-12-hours_dtf-2\tremor_data\00291_2025-05-24--12-00-00_2025-05-26_11--11-59-59_eruption-0.csv
2025-05-27 00:00:00,292,0,D:\Projects\eruption-forecast\examples\output\VG.OJN.00.EHN\training\label_2025-01-01_2025-07-31_ws-2_step-12-hours_dtf-2\tremor_data\00292_2025-05-25--00-00-00_2025-05-26_23--23-59-59_eruption-0.csv
2025-05-27 12:00:00,293,0,D:\Projects\eruption-forecast\examples\output\VG.OJN.00.EHN\training\label_2025-01-01_2025-07-31_ws-2_step-12-hours_dtf-2\tremor_data\00293_2025-05-25--12-00-00_2025-05-27_11--11-59-59_eruption-0.csv
2025-05-28 00:00:00,294,0,D:\Projects\eruption-forecast\examples\output\VG.OJN.00.EHN\training\label_2025-01-01_2025-07-31_ws-2_step-12-hours_dtf-2\tremor_data\00294_2025-05-26--00-00-00_2025-05-27_23--23-59-59_eruption-0.csv
2025-05-28 12:00:00,295,0,D:\Projects\eruption-forecast\examples\output\VG.OJN.00.EHN\training\label_2025-01-01_2025-07-31_ws-2_step-12-hours_dtf-2\tremor_data\00295_2025-05-26--12-00-00_2025-05-28_11--11-59-59_eruption-0.csv
2025-05-29 00:00:00,296,0,D:\Projects\eruption-forecast\examples\output\VG.OJN.00.EHN\training\label_2025-01-01_2025-07-31_ws-2_step-12-hours_dtf-2\tremor_data\00296_2025-05-27--00-00-00_2025-05-28_23--23-59-59_eruption-0.csv
2025-05-29 12:00:00,297,0,D:\Projects\eruption-forecast\examples\output\VG.OJN.00.EHN\training\label_2025-01-01_2025-07-31_ws-2_step-12-hours_dtf-2\tremor_data\00297_2025-05-27--12-00-00_2025-05-29_11--11-59-59_eruption-0.csv
2025-05-30 00:00:00,298,0,D:\Projects\eruption-forecast\examples\output\VG.OJN.00.EHN\training\label_2025-01-01_2025-07-31_ws-2_step-12-hours_dtf-2\tremor_data\00298_2025-05-28--00-00-00_2025-05-29_23--23-59-59_eruption-0.csv
2025-05-30 12:00:00,299,0,D:\Projects\eruption-forecast\examples\output\VG.OJN.00.EHN\training\label_2025-01-01_2025-07-31_ws-2_step-12-hours_dtf-2\tremor_data\00299_2025-05-28--12-00-00_2025-05-30_11--11-59-59_eruption-0.csv
2025-05-31 00:00:00,300,0,D:\Projects\eruption-forecast\examples\output\VG.OJN.00.EHN\training\label_2025-01-01_2025-07-31_ws-2_step-12-hours_dtf-2\tremor_data\00300_2025-05-29--00-00-00_2025-05-30_23--23-59-59_eruption-0.csv
2025-05-31 12:00:00,301,0,D:\Projects\eruption-forecast\examples\output\VG.OJN.00.EHN\training\label_2025-01-01_2025-07-31_ws-2_step-12-hours_dtf-2\tremor_data\00301_2025-05-29--12-00-00_2025-05-31_11--11-59-59_eruption-0.csv
2025-06-01 00:00:00,302,0,D:\Projects\eruption-forecast\examples\output\VG.OJN.00.EHN\training\label_2025-01-01_2025-07-31_ws-2_step-12-hours_dtf-2\tremor_data\00302_2025-05-30--00-00-00_2025-05-31_23--23-59-59_eruption-0.csv
2025-06-01 12:00:00,303,0,D:\Projects\eruption-forecast\examples\output\VG.OJN.00.EHN\training\label_2025-01-01_2025-07-31_ws-2_step-12-hours_dtf-2\tremor_data\00303_2025-05-30--12-00-00_2025-06-01_11--11-59-59_eruption-0.csv
2025-06-02 00:00:00,304,0,D:\Projects\eruption-forecast\examples\output\VG.OJN.00.EHN\training\label_2025-01-01_2025-07-31_ws-2_step-12-hours_dtf-2\tremor_data\00304_2025-05-31--00-00-00_2025-06-01_23--23-59-59_eruption-0.csv
2025-06-02 12:00:00,305,0,D:\Projects\eruption-forecast\examples\output\VG.OJN.00.EHN\training\label_2025-01-01_2025-07-31_ws-2_step-12-hours_dtf-2\tremor_data\00305_2025-05-31--12-00-00_2025-06-02_11--11-59-59_eruption-0.csv
2025-06-03 00:00:00,306,0,D:\Projects\eruption-forecast\examples\output\VG.OJN.00.EHN\training\label_2025-01-01_2025-07-31_ws-2_step-12-hours_dtf-2\tremor_data\00306_2025-06-01--00-00-00_2025-06-02_23--23-59-59_eruption-0.csv
2025-06-03 12:00:00,307,0,D:\Projects\eruption-forecast\examples\output\VG.OJN.00.EHN\training\label_2025-01-01_2025-07-31_ws-2_step-12-hours_dtf-2\tremor_data\00307_2025-06-01--12-00-00_2025-06-03_11--11-59-59_eruption-0.csv
2025-06-04 00:00:00,308,0,D:\Projects\eruption-forecast\examples\output\VG.OJN.00.EHN\training\label_2025-01-01_2025-07-31_ws-2_step-12-hours_dtf-2\tremor_data\00308_2025-06-02--00-00-00_2025-06-03_23--23-59-59_eruption-0.csv
2025-06-04 12:00:00,309,0,D:\Projects\eruption-forecast\examples\output\VG.OJN.00.EHN\training\label_2025-01-01_2025-07-31_ws-2_step-12-hours_dtf-2\tremor_data\00309_2025-06-02--12-00-00_2025-06-04_11--11-59-59_eruption-0.csv
2025-06-05 00:00:00,310,0,D:\Projects\eruption-forecast\examples\output\VG.OJN.00.EHN\training\label_2025-01-01_2025-07-31_ws-2_step-12-hours_dtf-2\tremor_data\00310_2025-06-03--00-00-00_2025-06-04_23--23-59-59_eruption-0.csv
2025-06-05 12:00:00,311,0,D:\Projects\eruption-forecast\examples\output\VG.OJN.00.EHN\training\label_2025-01-01_2025-07-31_ws-2_step-12-hours_dtf-2\tremor_data\00311_2025-06-03--12-00-00_2025-06-05_11--11-59-59_eruption-0.csv
2025-06-06 00:00:00,312,0,D:\Projects\eruption-forecast\examples\output\VG.OJN.00.EHN\training\label_2025-01-01_2025-07-31_ws-2_step-12-hours_dtf-2\tremor_data\00312_2025-06-04--00-00-00_2025-06-05_23--23-59-59_eruption-0.csv
2025-06-06 12:00:00,313,0,D:\Projects\eruption-forecast\examples\output\VG.OJN.00.EHN\training\label_2025-01-01_2025-07-31_ws-2_step-12-hours_dtf-2\tremor_data\00313_2025-06-04--12-00-00_2025-06-06_11--11-59-59_eruption-0.csv
2025-06-07 00:00:00,314,0,D:\Projects\eruption-forecast\examples\output\VG.OJN.00.EHN\training\label_2025-01-01_2025-07-31_ws-2_step-12-hours_dtf-2\tremor_data\00314_2025-06-05--00-00-00_2025-06-06_23--23-59-59_eruption-0.csv
2025-06-07 12:00:00,315,0,D:\Projects\eruption-forecast\examples\output\VG.OJN.00.EHN\training\label_2025-01-01_2025-07-31_ws-2_step-12-hours_dtf-2\tremor_data\00315_2025-06-05--12-00-00_2025-06-07_11--11-59-59_eruption-0.csv
2025-06-08 00:00:00,316,0,D:\Projects\eruption-forecast\examples\output\VG.OJN.00.EHN\training\label_2025-01-01_2025-07-31_ws-2_step-12-hours_dtf-2\tremor_data\00316_2025-06-06--00-00-00_2025-06-07_23--23-59-59_eruption-0.csv
2025-06-08 12:00:00,317,0,D:\Projects\eruption-forecast\examples\output\VG.OJN.00.EHN\training\label_2025-01-01_2025-07-31_ws-2_step-12-hours_dtf-2\tremor_data\00317_2025-06-06--12-00-00_2025-06-08_11--11-59-59_eruption-0.csv
2025-06-09 00:00:00,318,0,D:\Projects\eruption-forecast\examples\output\VG.OJN.00.EHN\training\label_2025-01-01_2025-07-31_ws-2_step-12-hours_dtf-2\tremor_data\00318_2025-06-07--00-00-00_2025-06-08_23--23-59-59_eruption-0.csv
2025-06-09 12:00:00,319,0,D:\Projects\eruption-forecast\examples\output\VG.OJN.00.EHN\training\label_2025-01-01_2025-07-31_ws-2_step-12-hours_dtf-2\tremor_data\00319_2025-06-07--12-00-00_2025-06-09_11--11-59-59_eruption-0.csv
2025-06-10 00:00:00,320,0,D:\Projects\eruption-forecast\examples\output\VG.OJN.00.EHN\training\label_2025-01-01_2025-07-31_ws-2_step-12-hours_dtf-2\tremor_data\00320_2025-06-08--00-00-00_2025-06-09_23--23-59-59_eruption-0.csv
2025-06-10 12:00:00,321,0,D:\Projects\eruption-forecast\examples\output\VG.OJN.00.EHN\training\label_2025-01-01_2025-07-31_ws-2_step-12-hours_dtf-2\tremor_data\00321_2025-06-08--12-00-00_2025-06-10_11--11-59-59_eruption-0.csv
2025-06-11 00:00:00,322,0,D:\Projects\eruption-forecast\examples\output\VG.OJN.00.EHN\training\label_2025-01-01_2025-07-31_ws-2_step-12-hours_dtf-2\tremor_data\00322_2025-06-09--00-00-00_2025-06-10_23--23-59-59_eruption-0.csv
2025-06-11 12:00:00,323,0,D:\Projects\eruption-forecast\examples\output\VG.OJN.00.EHN\training\label_2025-01-01_2025-07-31_ws-2_step-12-hours_dtf-2\tremor_data\00323_2025-06-09--12-00-00_2025-06-11_11--11-59-59_eruption-0.csv
2025-06-12 00:00:00,324,0,D:\Projects\eruption-forecast\examples\output\VG.OJN.00.EHN\training\label_2025-01-01_2025-07-31_ws-2_step-12-hours_dtf-2\tremor_data\00324_2025-06-10--00-00-00_2025-06-11_23--23-59-59_eruption-0.csv
2025-06-12 12:00:00,325,0,D:\Projects\eruption-forecast\examples\output\VG.OJN.00.EHN\training\label_2025-01-01_2025-07-31_ws-2_step-12-hours_dtf-2\tremor_data\00325_2025-06-10--12-00-00_2025-06-12_11--11-59-59_eruption-0.csv
2025-06-13 00:00:00,326,0,D:\Projects\eruption-forecast\examples\output\VG.OJN.00.EHN\training\label_2025-01-01_2025-07-31_ws-2_step-12-hours_dtf-2\tremor_data\00326_2025-06-11--00-00-00_2025-06-12_23--23-59-59_eruption-0.csv
2025-06-13 12:00:00,327,0,D:\Projects\eruption-forecast\examples\output\VG.OJN.00.EHN\training\label_2025-01-01_2025-07-31_ws-2_step-12-hours_dtf-2\tremor_data\00327_2025-06-11--12-00-00_2025-06-13_11--11-59-59_eruption-0.csv
2025-06-14 00:00:00,328,0,D:\Projects\eruption-forecast\examples\output\VG.OJN.00.EHN\training\label_2025-01-01_2025-07-31_ws-2_step-12-hours_dtf-2\tremor_data\00328_2025-06-12--00-00-00_2025-06-13_23--23-59-59_eruption-0.csv
2025-06-14 12:00:00,329,0,D:\Projects\eruption-forecast\examples\output\VG.OJN.00.EHN\training\label_2025-01-01_2025-07-31_ws-2_step-12-hours_dtf-2\tremor_data\00329_2025-06-12--12-00-00_2025-06-14_11--11-59-59_eruption-0.csv
2025-06-15 00:00:00,330,1,D:\Projects\eruption-forecast\examples\output\VG.OJN.00.EHN\training\label_2025-01-01_2025-07-31_ws-2_step-12-hours_dtf-2\tremor_data\00330_2025-06-13--00-00-00_2025-06-14_23--23-59-59_eruption-1.csv
2025-06-15 12:00:00,331,1,D:\Projects\eruption-forecast\examples\output\VG.OJN.00.EHN\training\label_2025-01-01_2025-07-31_ws-2_step-12-hours_dtf-2\tremor_data\00331_2025-06-13--12-00-00_2025-06-15_11--11-59-59_eruption-1.csv
2025-06-16 00:00:00,332,1,D:\Projects\eruption-forecast\examples\output\VG.OJN.00.EHN\training\label_2025-01-01_2025-07-31_ws-2_step-12-hours_dtf-2\tremor_data\00332_2025-06-14--00-00-00_2025-06-15_23--23-59-59_eruption-1.csv
2025-06-16 12:00:00,333,1,D:\Projects\eruption-forecast\examples\output\VG.OJN.00.EHN\training\label_2025-01-01_2025-07-31_ws-2_step-12-hours_dtf-2\tremor_data\00333_2025-06-14--12-00-00_2025-06-16_11--11-59-59_eruption-1.csv
2025-06-17 00:00:00,334,1,D:\Projects\eruption-forecast\examples\output\VG.OJN.00.EHN\training\label_2025-01-01_2025-07-31_ws-2_step-12-hours_dtf-2\tremor_data\00334_2025-06-15--00-00-00_2025-06-16_23--23-59-59_eruption-1.csv
2025-06-17 12:00:00,335,1,D:\Projects\eruption-forecast\examples\output\VG.OJN.00.EHN\training\label_2025-01-01_2025-07-31_ws-2_step-12-hours_dtf-2\tremor_data\00335_2025-06-15--12-00-00_2025-06-17_11--11-59-59_eruption-1.csv
2025-06-18 00:00:00,336,0,D:\Projects\eruption-forecast\examples\output\VG.OJN.00.EHN\training\label_2025-01-01_2025-07-31_ws-2_step-12-hours_dtf-2\tremor_data\00336_2025-06-16--00-00-00_2025-06-17_23--23-59-59_eruption-0.csv
2025-06-18 12:00:00,337,0,D:\Projects\eruption-forecast\examples\output\VG.OJN.00.EHN\training\label_2025-01-01_2025-07-31_ws-2_step-12-hours_dtf-2\tremor_data\00337_2025-06-16--12-00-00_2025-06-18_11--11-59-59_eruption-0.csv
2025-06-19 00:00:00,338,0,D:\Projects\eruption-forecast\examples\output\VG.OJN.00.EHN\training\label_2025-01-01_2025-07-31_ws-2_step-12-hours_dtf-2\tremor_data\00338_2025-06-17--00-00-00_2025-06-18_23--23-59-59_eruption-0.csv
2025-06-19 12:00:00,339,0,D:\Projects\eruption-forecast\examples\output\VG.OJN.00.EHN\training\label_2025-01-01_2025-07-31_ws-2_step-12-hours_dtf-2\tremor_data\00339_2025-06-17--12-00-00_2025-06-19_11--11-59-59_eruption-0.csv
2025-06-20 00:00:00,340,0,D:\Projects\eruption-forecast\examples\output\VG.OJN.00.EHN\training\label_2025-01-01_2025-07-31_ws-2_step-12-hours_dtf-2\tremor_data\00340_2025-06-18--00-00-00_2025-06-19_23--23-59-59_eruption-0.csv
2025-06-20 12:00:00,341,0,D:\Projects\eruption-forecast\examples\output\VG.OJN.00.EHN\training\label_2025-01-01_2025-07-31_ws-2_step-12-hours_dtf-2\tremor_data\00341_2025-06-18--12-00-00_2025-06-20_11--11-59-59_eruption-0.csv
2025-06-21 00:00:00,342,0,D:\Projects\eruption-forecast\examples\output\VG.OJN.00.EHN\training\label_2025-01-01_2025-07-31_ws-2_step-12-hours_dtf-2\tremor_data\00342_2025-06-19--00-00-00_2025-06-20_23--23-59-59_eruption-0.csv
2025-06-21 12:00:00,343,0,D:\Projects\eruption-forecast\examples\output\VG.OJN.00.EHN\training\label_2025-01-01_2025-07-31_ws-2_step-12-hours_dtf-2\tremor_data\00343_2025-06-19--12-00-00_2025-06-21_11--11-59-59_eruption-0.csv
2025-06-22 00:00:00,344,0,D:\Projects\eruption-forecast\examples\output\VG.OJN.00.EHN\training\label_2025-01-01_2025-07-31_ws-2_step-12-hours_dtf-2\tremor_data\00344_2025-06-20--00-00-00_2025-06-21_23--23-59-59_eruption-0.csv
2025-06-22 12:00:00,345,0,D:\Projects\eruption-forecast\examples\output\VG.OJN.00.EHN\training\label_2025-01-01_2025-07-31_ws-2_step-12-hours_dtf-2\tremor_data\00345_2025-06-20--12-00-00_2025-06-22_11--11-59-59_eruption-0.csv
2025-06-23 00:00:00,346,0,D:\Projects\eruption-forecast\examples\output\VG.OJN.00.EHN\training\label_2025-01-01_2025-07-31_ws-2_step-12-hours_dtf-2\tremor_data\00346_2025-06-21--00-00-00_2025-06-22_23--23-59-59_eruption-0.csv
2025-06-23 12:00:00,347,0,D:\Projects\eruption-forecast\examples\output\VG.OJN.00.EHN\training\label_2025-01-01_2025-07-31_ws-2_step-12-hours_dtf-2\tremor_data\00347_2025-06-21--12-00-00_2025-06-23_11--11-59-59_eruption-0.csv
2025-06-24 00:00:00,348,0,D:\Projects\eruption-forecast\examples\output\VG.OJN.00.EHN\training\label_2025-01-01_2025-07-31_ws-2_step-12-hours_dtf-2\tremor_data\00348_2025-06-22--00-00-00_2025-06-23_23--23-59-59_eruption-0.csv
2025-06-24 12:00:00,349,0,D:\Projects\eruption-forecast\examples\output\VG.OJN.00.EHN\training\label_2025-01-01_2025-07-31_ws-2_step-12-hours_dtf-2\tremor_data\00349_2025-06-22--12-00-00_2025-06-24_11--11-59-59_eruption-0.csv
2025-06-25 00:00:00,350,0,D:\Projects\eruption-forecast\examples\output\VG.OJN.00.EHN\training\label_2025-01-01_2025-07-31_ws-2_step-12-hours_dtf-2\tremor_data\00350_2025-06-23--00-00-00_2025-06-24_23--23-59-59_eruption-0.csv
2025-06-25 12:00:00,351,0,D:\Projects\eruption-forecast\examples\output\VG.OJN.00.EHN\training\label_2025-01-01_2025-07-31_ws-2_step-12-hours_dtf-2\tremor_data\00351_2025-06-23--12-00-00_2025-06-25_11--11-59-59_eruption-0.csv
2025-06-26 00:00:00,352,0,D:\Projects\eruption-forecast\examples\output\VG.OJN.00.EHN\training\label_2025-01-01_2025-07-31_ws-2_step-12-hours_dtf-2\tremor_data\00352_2025-06-24--00-00-00_2025-06-25_23--23-59-59_eruption-0.csv
2025-06-26 12:00:00,353,0,D:\Projects\eruption-forecast\examples\output\VG.OJN.00.EHN\training\label_2025-01-01_2025-07-31_ws-2_step-12-hours_dtf-2\tremor_data\00353_2025-06-24--12-00-00_2025-06-26_11--11-59-59_eruption-0.csv
2025-06-27 00:00:00,354,0,D:\Projects\eruption-forecast\examples\output\VG.OJN.00.EHN\training\label_2025-01-01_2025-07-31_ws-2_step-12-hours_dtf-2\tremor_data\00354_2025-06-25--00-00-00_2025-06-26_23--23-59-59_eruption-0.csv
2025-06-27 12:00:00,355,0,D:\Projects\eruption-forecast\examples\output\VG.OJN.00.EHN\training\label_2025-01-01_2025-07-31_ws-2_step-12-hours_dtf-2\tremor_data\00355_2025-06-25--12-00-00_2025-06-27_11--11-59-59_eruption-0.csv
2025-06-28 00:00:00,356,0,D:\Projects\eruption-forecast\examples\output\VG.OJN.00.EHN\training\label_2025-01-01_2025-07-31_ws-2_step-12-hours_dtf-2\tremor_data\00356_2025-06-26--00-00-00_2025-06-27_23--23-59-59_eruption-0.csv
2025-06-28 12:00:00,357,0,D:\Projects\eruption-forecast\examples\output\VG.OJN.00.EHN\training\label_2025-01-01_2025-07-31_ws-2_step-12-hours_dtf-2\tremor_data\00357_2025-06-26--12-00-00_2025-06-28_11--11-59-59_eruption-0.csv
2025-06-29 00:00:00,358,0,D:\Projects\eruption-forecast\examples\output\VG.OJN.00.EHN\training\label_2025-01-01_2025-07-31_ws-2_step-12-hours_dtf-2\tremor_data\00358_2025-06-27--00-00-00_2025-06-28_23--23-59-59_eruption-0.csv
2025-06-29 12:00:00,359,0,D:\Projects\eruption-forecast\examples\output\VG.OJN.00.EHN\training\label_2025-01-01_2025-07-31_ws-2_step-12-hours_dtf-2\tremor_data\00359_2025-06-27--12-00-00_2025-06-29_11--11-59-59_eruption-0.csv
2025-06-30 00:00:00,360,0,D:\Projects\eruption-forecast\examples\output\VG.OJN.00.EHN\training\label_2025-01-01_2025-07-31_ws-2_step-12-hours_dtf-2\tremor_data\00360_2025-06-28--00-00-00_2025-06-29_23--23-59-59_eruption-0.csv
2025-06-30 12:00:00,361,0,D:\Projects\eruption-forecast\examples\output\VG.OJN.00.EHN\training\label_2025-01-01_2025-07-31_ws-2_step-12-hours_dtf-2\tremor_data\00361_2025-06-28--12-00-00_2025-06-30_11--11-59-59_eruption-0.csv
2025-07-01 00:00:00,362,0,D:\Projects\eruption-forecast\examples\output\VG.OJN.00.EHN\training\label_2025-01-01_2025-07-31_ws-2_step-12-hours_dtf-2\tremor_data\00362_2025-06-29--00-00-00_2025-06-30_23--23-59-59_eruption-0.csv
2025-07-01 12:00:00,363,0,D:\Projects\eruption-forecast\examples\output\VG.OJN.00.EHN\training\label_2025-01-01_2025-07-31_ws-2_step-12-hours_dtf-2\tremor_data\00363_2025-06-29--12-00-00_2025-07-01_11--11-59-59_eruption-0.csv
2025-07-02 00:00:00,364,0,D:\Projects\eruption-forecast\examples\output\VG.OJN.00.EHN\training\label_2025-01-01_2025-07-31_ws-2_step-12-hours_dtf-2\tremor_data\00364_2025-06-30--00-00-00_2025-07-01_23--23-59-59_eruption-0.csv
2025-07-02 12:00:00,365,0,D:\Projects\eruption-forecast\examples\output\VG.OJN.00.EHN\training\label_2025-01-01_2025-07-31_ws-2_step-12-hours_dtf-2\tremor_data\00365_2025-06-30--12-00-00_2025-07-02_11--11-59-59_eruption-0.csv
2025-07-03 00:00:00,366,0,D:\Projects\eruption-forecast\examples\output\VG.OJN.00.EHN\training\label_2025-01-01_2025-07-31_ws-2_step-12-hours_dtf-2\tremor_data\00366_2025-07-01--00-00-00_2025-07-02_23--23-59-59_eruption-0.csv
2025-07-03 12:00:00,367,0,D:\Projects\eruption-forecast\examples\output\VG.OJN.00.EHN\training\label_2025-01-01_2025-07-31_ws-2_step-12-hours_dtf-2\tremor_data\00367_2025-07-01--12-00-00_2025-07-03_11--11-59-59_eruption-0.csv
2025-07-04 00:00:00,368,0,D:\Projects\eruption-forecast\examples\output\VG.OJN.00.EHN\training\label_2025-01-01_2025-07-31_ws-2_step-12-hours_dtf-2\tremor_data\00368_2025-07-02--00-00-00_2025-07-03_23--23-59-59_eruption-0.csv
2025-07-04 12:00:00,369,0,D:\Projects\eruption-forecast\examples\output\VG.OJN.00.EHN\training\label_2025-01-01_2025-07-31_ws-2_step-12-hours_dtf-2\tremor_data\00369_2025-07-02--12-00-00_2025-07-04_11--11-59-59_eruption-0.csv
2025-07-05 00:00:00,370,1,D:\Projects\eruption-forecast\examples\output\VG.OJN.00.EHN\training\label_2025-01-01_2025-07-31_ws-2_step-12-hours_dtf-2\tremor_data\00370_2025-07-03--00-00-00_2025-07-04_23--23-59-59_eruption-1.csv
2025-07-05 12:00:00,371,1,D:\Projects\eruption-forecast\examples\output\VG.OJN.00.EHN\training\label_2025-01-01_2025-07-31_ws-2_step-12-hours_dtf-2\tremor_data\00371_2025-07-03--12-00-00_2025-07-05_11--11-59-59_eruption-1.csv
2025-07-06 00:00:00,372,1,D:\Projects\eruption-forecast\examples\output\VG.OJN.00.EHN\training\label_2025-01-01_2025-07-31_ws-2_step-12-hours_dtf-2\tremor_data\00372_2025-07-04--00-00-00_2025-07-05_23--23-59-59_eruption-1.csv
2025-07-06 12:00:00,373,1,D:\Projects\eruption-forecast\examples\output\VG.OJN.00.EHN\training\label_2025-01-01_2025-07-31_ws-2_step-12-hours_dtf-2\tremor_data\00373_2025-07-04--12-00-00_2025-07-06_11--11-59-59_eruption-1.csv
2025-07-07 00:00:00,374,1,D:\Projects\eruption-forecast\examples\output\VG.OJN.00.EHN\training\label_2025-01-01_2025-07-31_ws-2_step-12-hours_dtf-2\tremor_data\00374_2025-07-05--00-00-00_2025-07-06_23--23-59-59_eruption-1.csv
2025-07-07 12:00:00,375,1,D:\Projects\eruption-forecast\examples\output\VG.OJN.00.EHN\training\label_2025-01-01_2025-07-31_ws-2_step-12-hours_dtf-2\tremor_data\00375_2025-07-05--12-00-00_2025-07-07_11--11-59-59_eruption-1.csv
2025-07-08 00:00:00,376,0,D:\Projects\eruption-forecast\examples\output\VG.OJN.00.EHN\training\label_2025-01-01_2025-07-31_ws-2_step-12-hours_dtf-2\tremor_data\00376_2025-07-06--00-00-00_2025-07-07_23--23-59-59_eruption-0.csv
2025-07-08 12:00:00,377,0,D:\Projects\eruption-forecast\examples\output\VG.OJN.00.EHN\training\label_2025-01-01_2025-07-31_ws-2_step-12-hours_dtf-2\tremor_data\00377_2025-07-06--12-00-00_2025-07-08_11--11-59-59_eruption-0.csv
2025-07-09 00:00:00,378,0,D:\Projects\eruption-forecast\examples\output\VG.OJN.00.EHN\training\label_2025-01-01_2025-07-31_ws-2_step-12-hours_dtf-2\tremor_data\00378_2025-07-07--00-00-00_2025-07-08_23--23-59-59_eruption-0.csv
2025-07-09 12:00:00,379,0,D:\Projects\eruption-forecast\examples\output\VG.OJN.00.EHN\training\label_2025-01-01_2025-07-31_ws-2_step-12-hours_dtf-2\tremor_data\00379_2025-07-07--12-00-00_2025-07-09_11--11-59-59_eruption-0.csv
2025-07-10 00:00:00,380,0,D:\Projects\eruption-forecast\examples\output\VG.OJN.00.EHN\training\label_2025-01-01_2025-07-31_ws-2_step-12-hours_dtf-2\tremor_data\00380_2025-07-08--00-00-00_2025-07-09_23--23-59-59_eruption-0.csv
2025-07-10 12:00:00,381,0,D:\Projects\eruption-forecast\examples\output\VG.OJN.00.EHN\training\label_2025-01-01_2025-07-31_ws-2_step-12-hours_dtf-2\tremor_data\00381_2025-07-08--12-00-00_2025-07-10_11--11-59-59_eruption-0.csv
2025-07-11 00:00:00,382,0,D:\Projects\eruption-forecast\examples\output\VG.OJN.00.EHN\training\label_2025-01-01_2025-07-31_ws-2_step-12-hours_dtf-2\tremor_data\00382_2025-07-09--00-00-00_2025-07-10_23--23-59-59_eruption-0.csv
2025-07-11 12:00:00,383,0,D:\Projects\eruption-forecast\examples\output\VG.OJN.00.EHN\training\label_2025-01-01_2025-07-31_ws-2_step-12-hours_dtf-2\tremor_data\00383_2025-07-09--12-00-00_2025-07-11_11--11-59-59_eruption-0.csv
2025-07-12 00:00:00,384,0,D:\Projects\eruption-forecast\examples\output\VG.OJN.00.EHN\training\label_2025-01-01_2025-07-31_ws-2_step-12-hours_dtf-2\tremor_data\00384_2025-07-10--00-00-00_2025-07-11_23--23-59-59_eruption-0.csv
2025-07-12 12:00:00,385,0,D:\Projects\eruption-forecast\examples\output\VG.OJN.00.EHN\training\label_2025-01-01_2025-07-31_ws-2_step-12-hours_dtf-2\tremor_data\00385_2025-07-10--12-00-00_2025-07-12_11--11-59-59_eruption-0.csv
2025-07-13 00:00:00,386,0,D:\Projects\eruption-forecast\examples\output\VG.OJN.00.EHN\training\label_2025-01-01_2025-07-31_ws-2_step-12-hours_dtf-2\tremor_data\00386_2025-07-11--00-00-00_2025-07-12_23--23-59-59_eruption-0.csv
2025-07-13 12:00:00,387,0,D:\Projects\eruption-forecast\examples\output\VG.OJN.00.EHN\training\label_2025-01-01_2025-07-31_ws-2_step-12-hours_dtf-2\tremor_data\00387_2025-07-11--12-00-00_2025-07-13_11--11-59-59_eruption-0.csv
2025-07-14 00:00:00,388,0,D:\Projects\eruption-forecast\examples\output\VG.OJN.00.EHN\training\label_2025-01-01_2025-07-31_ws-2_step-12-hours_dtf-2\tremor_data\00388_2025-07-12--00-00-00_2025-07-13_23--23-59-59_eruption-0.csv
2025-07-14 12:00:00,389,0,D:\Projects\eruption-forecast\examples\output\VG.OJN.00.EHN\training\label_2025-01-01_2025-07-31_ws-2_step-12-hours_dtf-2\tremor_data\00389_2025-07-12--12-00-00_2025-07-14_11--11-59-59_eruption-0.csv
2025-07-15 00:00:00,390,0,D:\Projects\eruption-forecast\examples\output\VG.OJN.00.EHN\training\label_2025-01-01_2025-07-31_ws-2_step-12-hours_dtf-2\tremor_data\00390_2025-07-13--00-00-00_2025-07-14_23--23-59-59_eruption-0.csv
2025-07-15 12:00:00,391,0,D:\Projects\eruption-forecast\examples\output\VG.OJN.00.EHN\training\label_2025-01-01_2025-07-31_ws-2_step-12-hours_dtf-2\tremor_data\00391_2025-07-13--12-00-00_2025-07-15_11--11-59-59_eruption-0.csv
2025-07-16 00:00:00,392,0,D:\Projects\eruption-forecast\examples\output\VG.OJN.00.EHN\training\label_2025-01-01_2025-07-31_ws-2_step-12-hours_dtf-2\tremor_data\00392_2025-07-14--00-00-00_2025-07-15_23--23-59-59_eruption-0.csv
2025-07-16 12:00:00,393,0,D:\Projects\eruption-forecast\examples\output\VG.OJN.00.EHN\training\label_2025-01-01_2025-07-31_ws-2_step-12-hours_dtf-2\tremor_data\00393_2025-07-14--12-00-00_2025-07-16_11--11-59-59_eruption-0.csv
2025-07-17 00:00:00,394,0,D:\Projects\eruption-forecast\examples\output\VG.OJN.00.EHN\training\label_2025-01-01_2025-07-31_ws-2_step-12-hours_dtf-2\tremor_data\00394_2025-07-15--00-00-00_2025-07-16_23--23-59-59_eruption-0.csv
2025-07-17 12:00:00,395,0,D:\Projects\eruption-forecast\examples\output\VG.OJN.00.EHN\training\label_2025-01-01_2025-07-31_ws-2_step-12-hours_dtf-2\tremor_data\00395_2025-07-15--12-00-00_2025-07-17_11--11-59-59_eruption-0.csv
2025-07-18 00:00:00,396,0,D:\Projects\eruption-forecast\examples\output\VG.OJN.00.EHN\training\label_2025-01-01_2025-07-31_ws-2_step-12-hours_dtf-2\tremor_data\00396_2025-07-16--00-00-00_2025-07-17_23--23-59-59_eruption-0.csv
2025-07-18 12:00:00,397,0,D:\Projects\eruption-forecast\examples\output\VG.OJN.00.EHN\training\label_2025-01-01_2025-07-31_ws-2_step-12-hours_dtf-2\tremor_data\00397_2025-07-16--12-00-00_2025-07-18_11--11-59-59_eruption-0.csv
2025-07-19 00:00:00,398,0,D:\Projects\eruption-forecast\examples\output\VG.OJN.00.EHN\training\label_2025-01-01_2025-07-31_ws-2_step-12-hours_dtf-2\tremor_data\00398_2025-07-17--00-00-00_2025-07-18_23--23-59-59_eruption-0.csv
2025-07-19 12:00:00,399,0,D:\Projects\eruption-forecast\examples\output\VG.OJN.00.EHN\training\label_2025-01-01_2025-07-31_ws-2_step-12-hours_dtf-2\tremor_data\00399_2025-07-17--12-00-00_2025-07-19_11--11-59-59_eruption-0.csv
2025-07-20 00:00:00,400,0,D:\Projects\eruption-forecast\examples\output\VG.OJN.00.EHN\training\label_2025-01-01_2025-07-31_ws-2_step-12-hours_dtf-2\tremor_data\00400_2025-07-18--00-00-00_2025-07-19_23--23-59-59_eruption-0.csv
2025-07-20 12:00:00,401,0,D:\Projects\eruption-forecast\examples\output\VG.OJN.00.EHN\training\label_2025-01-01_2025-07-31_ws-2_step-12-hours_dtf-2\tremor_data\00401_2025-07-18--12-00-00_2025-07-20_11--11-59-59_eruption-0.csv
2025-07-21 00:00:00,402,0,D:\Projects\eruption-forecast\examples\output\VG.OJN.00.EHN\training\label_2025-01-01_2025-07-31_ws-2_step-12-hours_dtf-2\tremor_data\00402_2025-07-19--00-00-00_2025-07-20_23--23-59-59_eruption-0.csv
2025-07-21 12:00:00,403,0,D:\Projects\eruption-forecast\examples\output\VG.OJN.00.EHN\training\label_2025-01-01_2025-07-31_ws-2_step-12-hours_dtf-2\tremor_data\00403_2025-07-19--12-00-00_2025-07-21_11--11-59-59_eruption-0.csv
2025-07-22 00:00:00,404,0,D:\Projects\eruption-forecast\examples\output\VG.OJN.00.EHN\training\label_2025-01-01_2025-07-31_ws-2_step-12-hours_dtf-2\tremor_data\00404_2025-07-20--00-00-00_2025-07-21_23--23-59-59_eruption-0.csv
2025-07-22 12:00:00,405,0,D:\Projects\eruption-forecast\examples\output\VG.OJN.00.EHN\training\label_2025-01-01_2025-07-31_ws-2_step-12-hours_dtf-2\tremor_data\00405_2025-07-20--12-00-00_2025-07-22_11--11-59-59_eruption-0.csv
2025-07-23 00:00:00,406,0,D:\Projects\eruption-forecast\examples\output\VG.OJN.00.EHN\training\label_2025-01-01_2025-07-31_ws-2_step-12-hours_dtf-2\tremor_data\00406_2025-07-21--00-00-00_2025-07-22_23--23-59-59_eruption-0.csv
2025-07-23 12:00:00,407,0,D:\Projects\eruption-forecast\examples\output\VG.OJN.00.EHN\training\label_2025-01-01_2025-07-31_ws-2_step-12-hours_dtf-2\tremor_data\00407_2025-07-21--12-00-00_2025-07-23_11--11-59-59_eruption-0.csv
2025-07-24 00:00:00,408,0,D:\Projects\eruption-forecast\examples\output\VG.OJN.00.EHN\training\label_2025-01-01_2025-07-31_ws-2_step-12-hours_dtf-2\tremor_data\00408_2025-07-22--00-00-00_2025-07-23_23--23-59-59_eruption-0.csv
2025-07-24 12:00:00,409,0,D:\Projects\eruption-forecast\examples\output\VG.OJN.00.EHN\training\label_2025-01-01_2025-07-31_ws-2_step-12-hours_dtf-2\tremor_data\00409_2025-07-22--12-00-00_2025-07-24_11--11-59-59_eruption-0.csv
2025-07-25 00:00:00,410,0,D:\Projects\eruption-forecast\examples\output\VG.OJN.00.EHN\training\label_2025-01-01_2025-07-31_ws-2_step-12-hours_dtf-2\tremor_data\00410_2025-07-23--00-00-00_2025-07-24_23--23-59-59_eruption-0.csv
2025-07-25 12:00:00,411,0,D:\Projects\eruption-forecast\examples\output\VG.OJN.00.EHN\training\label_2025-01-01_2025-07-31_ws-2_step-12-hours_dtf-2\tremor_data\00411_2025-07-23--12-00-00_2025-07-25_11--11-59-59_eruption-0.csv
2025-07-26 00:00:00,412,0,D:\Projects\eruption-forecast\examples\output\VG.OJN.00.EHN\training\label_2025-01-01_2025-07-31_ws-2_step-12-hours_dtf-2\tremor_data\00412_2025-07-24--00-00-00_2025-07-25_23--23-59-59_eruption-0.csv
2025-07-26 12:00:00,413,0,D:\Projects\eruption-forecast\examples\output\VG.OJN.00.EHN\training\label_2025-01-01_2025-07-31_ws-2_step-12-hours_dtf-2\tremor_data\00413_2025-07-24--12-00-00_2025-07-26_11--11-59-59_eruption-0.csv
2025-07-27 00:00:00,414,0,D:\Projects\eruption-forecast\examples\output\VG.OJN.00.EHN\training\label_2025-01-01_2025-07-31_ws-2_step-12-hours_dtf-2\tremor_data\00414_2025-07-25--00-00-00_2025-07-26_23--23-59-59_eruption-0.csv
2025-07-27 12:00:00,415,0,D:\Projects\eruption-forecast\examples\output\VG.OJN.00.EHN\training\label_2025-01-01_2025-07-31_ws-2_step-12-hours_dtf-2\tremor_data\00415_2025-07-25--12-00-00_2025-07-27_11--11-59-59_eruption-0.csv
2025-07-28 00:00:00,416,0,D:\Projects\eruption-forecast\examples\output\VG.OJN.00.EHN\training\label_2025-01-01_2025-07-31_ws-2_step-12-hours_dtf-2\tremor_data\00416_2025-07-26--00-00-00_2025-07-27_23--23-59-59_eruption-0.csv
2025-07-28 12:00:00,417,0,D:\Projects\eruption-forecast\examples\output\VG.OJN.00.EHN\training\label_2025-01-01_2025-07-31_ws-2_step-12-hours_dtf-2\tremor_data\00417_2025-07-26--12-00-00_2025-07-28_11--11-59-59_eruption-0.csv
2025-07-29 00:00:00,418,0,D:\Projects\eruption-forecast\examples\output\VG.OJN.00.EHN\training\label_2025-01-01_2025-07-31_ws-2_step-12-hours_dtf-2\tremor_data\00418_2025-07-27--00-00-00_2025-07-28_23--23-59-59_eruption-0.csv
2025-07-29 12:00:00,419,0,D:\Projects\eruption-forecast\examples\output\VG.OJN.00.EHN\training\label_2025-01-01_2025-07-31_ws-2_step-12-hours_dtf-2\tremor_data\00419_2025-07-27--12-00-00_2025-07-29_11--11-59-59_eruption-0.csv
2025-07-30 00:00:00,420,0,D:\Projects\eruption-forecast\examples\output\VG.OJN.00.EHN\training\label_2025-01-01_2025-07-31_ws-2_step-12-hours_dtf-2\tremor_data\00420_2025-07-28--00-00-00_2025-07-29_23--23-59-59_eruption-0.csv
2025-07-30 12:00:00,421,0,D:\Projects\eruption-forecast\examples\output\VG.OJN.00.EHN\training\label_2025-01-01_2025-07-31_ws-2_step-12-hours_dtf-2\tremor_data\00421_2025-07-28--12-00-00_2025-07-30_11--11-59-59_eruption-0.csv
2025-07-31 00:00:00,422,0,D:\Projects\eruption-forecast\examples\output\VG.OJN.00.EHN\training\label_2025-01-01_2025-07-31_ws-2_step-12-hours_dtf-2\tremor_data\00422_2025-07-29--00-00-00_2025-07-30_23--23-59-59_eruption-0.csv
2025-07-31 12:00:00,423,0,D:\Projects\eruption-forecast\examples\output\VG.OJN.00.EHN\training\label_2025-01-01_2025-07-31_ws-2_step-12-hours_dtf-2\tremor_data\00423_2025-07-29--12-00-00_2025-07-31_11--11-59-59_eruption-0.csv
